亚马需要9国语言（所有AMZ请注意删掉R标与TM标）,亚马逊9国语言,,,,,,,,,,亚马逊9国语言（所有AMZ请注意删掉R标与TM标）,,,,,,,,,,,,,,,
官网需要10国语言,官网10国语言,,,,,,,,,,,,,,,,,,,,,,,,,
Reference,EN,德DE,法FR,西班牙ES,意大利IT,波兰PL,阿拉伯AR,日本JP,台湾TC,越南VN,荷兰NL,瑞典SE,土耳其TR,,,,,,,,,,,,,
,"Performance for the Next Level
Lexar Professional NM1090 PRO PCIe 5.0 NVMe M.2 2280 SSD","Leistung für das nächste Level
 Lexar Professional NM1090 PRO PCIe 5.0 NVMe M.2 2280 SSD","Performances pour le niveau supérieur
 SSD Lexar Professional NM1090 PRO PCIe 5.0 NVMe M.2 2280","Rendimiento para el próximo nivel
 Unidad de estado sólido (SSD) Lexar Professional NM1090 PRO PCIe 5.0 NVMe M.2 2280","Prestazioni di livello superiore
 SSD Lexar Professional NM1090 PRO PCIe 5.0 NVMe M.2 2280","Wydajność na wyższym poziomie
 Dysk Lexar Professional NM1090 PRO PCIe 5.0 NVMe M.2 2280 SSD","أداء يتجاوز التوقعات للوصول إلى المستوى التالي
 محرك الأقراص ذو الحالة الصلبة Lexar Professional NM1090 PRO PCIe 5.0 NVMe M.2 2280","次のレベルを実現するパフォーマンス
 Lexar Professional NM1090 PRO PCIe 5.0 NVMe M.2 2280 SSD","效能再升級
 Lexar Professional NM1090 PRO PCIe 5.0 NVMe M.2 2280 SSD","Hiệu Năng ở Tầm Cao Mới
 Ổ Cứng SSD Lexar Professional NM1090 PRO PCIe 5.0 NVMe M.2 2280","Prestaties op een ongekend niveau
 Lexar Professional NM1090 PRO PCIe 5.0 NVMe M.2 2280 SSD","Prestanda för nästa nivå
 Lexar Professional NM1090 PRO PCIe 5.0 NVMe M.2 2280 SSD","Üst Seviye Performans
 Lexar Professional NM1090 PRO PCIe 5.0 NVMe M.2 2280 SSD",,,,,,,,,,,,,
,"DRAM Cache SLC Dynamic Cache

4K Random Read Up to 2100K IOPS

Gen5 SSD
Accelerate Load Times by up to 200%

Up to 4TB

Heat-Defying 6nm Controller

Lexar DiskMaster Easy Drive Management

5 Years Service

","DRAM Cache Dynamischer SLC Cache
 
 4K Zufälliges Lesen bis zu 2100K IOPS
 
 Gen5 SSD
 
 Beschleunigung der Ladezeiten um bis zu 200%
 
 Bis zu 4 TB
 
 Wärmeabweisender 6nm Controller
 
 Lexar DiskMaster Einfache Laufwerksverwaltung
 
 5 Jahre Service","Cache DRAM Cache dynamique SLC
 
 Lecture aléatoire 4K jusqu'à 2100K IOPS
 
 SSD Gen5
 
 Accélération des temps de chargement jusqu'à 200 %
 
 Jusqu'à 4 To
 
 Contrôleur 6 nm résistant à la chaleur
 
 Gestion facile des lecteurs Lexar DiskMaster
 
 Service de 5 ans","Caché dinámica SLC basada en DRAM
 
 Lectura aleatoria 4K hasta 2100K IOPS
 
 Gen5 SSD
 
 Acelera los tiempos de carga hasta en un 200 %
 
 Hasta 4 TB
 
 Controlador de 6 nm que desafía el calor
 
 Gestión sencilla de unidades Lexar DiskMaster
 
 5 años de servicio","Cache Dinamica SLC Cache DRAM
 
 Lettura Random 4K fino a 2100K IOPS
 
 Gen5 SSD
 
 Accelera i tempi di caricamento fino al 200%
 
 Fino a 4 TB
 
 Controller anti-calore da 6 nm
 
 Facile gestione dell’unità con Lexar DiskMaster
 
 5 anni di assistenza","Pamięć podręczna DRAM Dynamiczna pamięć podręczna SLC
 
 Losowa prędkość odczytu 4K do 2,1 mln IOPS
 
 Gen5 SSD
 
 Przyspiesz czasy ładowania nawet o 200%
 
 Do 4 TB
 
 Kontroler 6nm odporny na ciepło
 
 Łatwe zarządzanie dyskiem z Lexar DiskMaster
 
 5-letni serwis","ذاكرة التخزين المؤقت الديناميكي DRAM وSLC
 
 أداء عالي في القراءة العشوائية بدقة 4K: يصل إلى 2100 ألف عملية إدخال/إخراج في الثانية
 
 محرك الأقراص ذو الحالة الصلبة بتقنية الجيل الخامس
 
 تسريع أوقات التحميل بنسبة تصل إلى 200%
 
 حتى 4 تيرابايت
 
 تحكم حراري متطور بتقنية 6 نانومتر: يحافظ على الأداء حتى في الظروف القاسية
 
 برنامج Lexar DiskMaster: إدارة سهلة ومتكاملة لمحركات الأقراص
 
 خدمة لمدة 5 سنوات","DRAMキャッシュSLCダイナミックキャッシュ
 
 最大2100K IOPSの4Kランダムリード
 
 Gen5 SSD
 
 ロード時間を最大200%加速
 
 最大4TB
 
 熱に強い6nmコントローラー
 
 Lexar DiskMasterによる容易なドライブ管理
 
 5年保証","DRAM Cache SLC 動態快取
 
 4K 隨機讀取速度高達 2100K IOPS
 
 第五代 SSD
 
 載入速度提升最多 200%
 
 高達 4TB
 
 耐熱 6 奈米控制器
 
 Lexar DiskMaster 輕鬆管理磁碟機
 
 5 年保固","Bộ Nhớ Đệm Động SLC kết hợp Bộ Nhớ Đệm DRAM
 
 Tốc Độ Đọc Ngẫu Nhiên 4K Lên tới 2100K IOPS
 
 Ổ Cứng SSD Gen5
 
 Tăng Tốc Thời Gian Tải lên tới 200%
 
 Lên tới 4TB
 
 Bộ Điều Khiển 6nm Chịu Nhiệt
 
 Quản Lý Ổ Cứng Dễ Dàng với Lexar DiskMaster
 
 Bảo Hành 5 Năm","DRAM Cache SLC Dynamisch Cache
 
 4K Random Read tot 2100K IOPS
 
 Gen5 SSD
 
 Versnelling van laadtijden tot 200%
 
 Tot 4 TB
 
 Hitte-bestendige 6 nm controller
 
 Lexar DiskMaster eenvoudig schijfbeheer
 
 5 jaar service","DRAM Cache SLC dynamisk cache
 
 4K slumpmässig läsning upp till 2100K IOPS
 
 Gen5 SSD
 
 Påskynda laddningstiderna med upp till 200 %
 
 Upp till 4 TB
 
 Värmeavvisande 6 nm styrenhet
 
 Lexar DiskMaster Easy Drive Management
 
 5 års service","DRAM Ön Bellek SLC Dinamik Ön Bellek
 
 2100K IOPS'e Varan 4K Rastgele Okuma
 
 Gen5 SSD
 
 Yükleme Sürelerini %200'e Kadar Hızlandırın
 
 4 TB'ye varan kapasite
 
 Isıya Dayanıklı 6 nm Kontrolcü
 
 Lexar DiskMaster Kolay Sürücü Yönetimi
 
 5 Yıl Servis",,,,,,,,,,,,,
,"Accelerate Load Times by up to 200%*
Experience blistering read/write speeds up to 14,000/13,000MB/s* thanks to a combination of PCIe 5.0 technology and next-gen 232-layer 3D TLC NAND.


*Speeds based on internal testing. Actual performance may vary.","Beschleunigung der Ladezeiten um bis zu 200%*
 Erleben Sie atemberaubende Lese-/Schreibgeschwindigkeiten von bis zu 14.000/13.000 MB/s* dank einer Kombination aus PCIe 5.0 Technologie und 232-Layer 3D TLC NAND der nächsten Generation.
 
 
 *Die Geschwindigkeitsangaben basieren auf internen Tests. Die tatsächliche Geschwindigkeit kann variieren.","Accélérez les temps de chargement jusqu'à 200 %*
 Découvrez des vitesses de lecture/écriture fulgurantes allant jusqu'à 14 000/13 000 Mo/s* grâce à la combinaison de la technologie PCIe 5.0 et de la NAND 3D TLC 232 couches de nouvelle génération.
 
 
 *Vitesses basées sur des tests internes. Les performances réelles peuvent varier.","Acelera los tiempos de carga hasta en un 200 %*
 Experimente increíbles velocidades de lectura/escritura de hasta 14 000/13 000 MB/s* gracias a una combinación de tecnología PCIe 5.0 y NAND 3D TLC de 232 capas de última generación.
 
 
 *Velocidades basadas en pruebas internas. El rendimiento real puede variar.","Accelera i tempi di caricamento fino al 200%*
 Altissime velocità di lettura/scrittura fino a 14000/13000 MB/s* grazie a una combinazione di tecnologia PCIe 5.0 e TLC NAND 3D di nuova generazione a 232 livelli.
 
 
 *Valori di velocità basati su test interni. Le prestazioni effettive possono variare.","Przyspiesz czasy ładowania nawet o 200%*
 Doświadcz niesamowitych prędkości odczytu/zapisu nawet do 14 000 / 13 000 MB/s* dzięki połączeniu technologii PCIe 5.0 z 232-warstwowym układem 3D TLC NAND najnowszej generacji.
 
 
 *Prędkości uzyskane w testach wewnętrznych. Rzeczywiste osiągi mogą być inne.","تسريع أوقات التحميل بنسبة تصل إلى 200%*
 استمتع بسرعات قراءة تصل إلى 14,000 ميجابايت/ثانية وسرعات كتابة تصل إلى 13,000 ميجابايت/ثانية*، وذلك بفضل دمج تقنية PCIe 5.0 مع تقنية 3D TLC NAND متعددة الطبقات (232 طبقة) من الجيل الجديد.
 
 
 *السرعات المذكورة تم اختبارها داخليًا من الشركة المُصنّعة. الأداء الفعلي قد يختلف عن الأداء المذكور أو المقارن به.","ロード時間を最大200%加速*
 PCIe 5.0テクノロジーと次世代の次世代の232層3D TLC NANDの組み合わせによって実現された、最大14,000/13,000MB/s*の高速リード/ライト速度を体験してください。
 
 
 *速度は社内テストに基づいています。実際のパフォーマンスは異なる場合があります。","載入速度提升最多 200%*
 結合使用 PCIe 5.0 技術與新一代 232 層 3D TLC NAND，體驗高達 14,000/13,000MB/s* 的極快讀/寫速度。
 
 
 *速度係依據內部測試的結果。實際效能可能有所不同。","Tăng Tốc Thời Gian Tải lên tới 200%*
 Trải nghiệm tốc độ đọc/ghi thần tốc lên tới 14.000/13.000MB/giây* nhờ sự kết hợp giữa công nghệ PCIe 5.0 và NAND TLC 3D 232 lớp thế hệ tiếp theo.
 
 
 * Tốc độ dựa trên kết quả thử nghiệm. Hiệu năng thực tế có thể khác biệt.","Versla de laadtijden tot 200%*
 Profiteer van ongekende lees-/schrijfsnelheden tot 14.000/13.000 MB/s* dankzij een combinatie van PCIe 5.0-technologie en next-gen 232-layer 3D TLC NAND.
 
 
 *Snelheden gebaseerd op interne tests. Daadwerkelijke prestaties kunnen variëren.","Påskynda laddningstiderna med upp till 200 %*
 Upplev supersnabba läs-/skrivhastigheter på upp till 14 000/13 000 Mb/s* tack vare en kombination av PCIe 5.0-teknik och nästa generations 232-lagers 3D TLC NAND.
 
 
 *Hastigheter baserade på interna tester. Faktisk prestanda kan variera.","Yükleme Sürelerini %200'e Kadar Hızlandırın*
 PCIe 5.0 teknolojisi ve yeni nesil 232 katmanlı 3D TLC NAND'ın bir araya gelmesi sayesinde yıldırım gibi 14.000 MB/s okuma ve 13.000 MB/s yazma hızlarını deneyimleyin.
 
 
 *Hızlar dâhili testlere göredir. Gerçek performans değişiklik gösterebilir.",,,,,,,,,,,,,
,"An Unmatched AMD Partner
The NM1090 PRO is the perfect match for AMD Ryzen 9000 series CPUs. It not only delivers extreme storage and computing performance but also ensures fast game loading and smooth operation. It is the ideal choice for users who seek a high-performance gaming experience.



","Ein unübertroffener AMD Partner
 Die NM1090 PRO ist die perfekte Ergänzung für CPUs der AMD Ryzen 9000 Serie. Sie bietet nicht nur eine extreme Speicher- und Rechenleistung, sondern sorgt auch für das schnelle Laden von Spielen und einen reibungslosen Betrieb. Sie ist die ideale Wahl für Benutzer, die ein leistungsstarkes Gaming-Erlebnis suchen.
 
 
 
 ","Un partenaire AMD inégalé
 Le NM1090 PRO est le partenaire idéal des CPU AMD Ryzen série 9000. Il offre non seulement des performances de stockage et de calcul extrêmes, mais garantit également un chargement rapide des jeux et un fonctionnement fluide. C'est le choix idéal pour les utilisateurs qui recherchent une expérience de jeu de haute performance.
 
 
 
 ","Un socio inigualable de AMD
 El NM1090 PRO es la combinación perfecta para las CPU de la serie AMD Ryzen 9000. No solo ofrece un rendimiento extremo de almacenamiento y procesamiento, sino que también garantiza una carga rápida de juegos y un funcionamiento sin problemas. Es la opción ideal para los usuarios que buscan una experiencia de juego de alto rendimiento.
 
 
 
 ","Un partner AMD senza pari
 L’NM1090 PRO è l’abbinamento perfetto per le CPU AMD Ryzen serie 9000. Non solo offre grande capacità di archiviazione ed alte prestazioni, ma garantisce che i giochi si carichino velocemente e funzionino senza intoppi. È la scelta ideale per gli utenti che vogliono un’esperienza di gioco ad alte prestazioni.
 
 
 
 ","Niezrównany partner AMD
 NM1090 PRO doskonale nadaje się do użytku z procesorami AMD Ryzen serii 9000. Oprócz niesamowitej wydajności przechowywania i niezrównanych osiągów komputera zapewnia szybkie ładowanie gier i płynną pracę sprzętu. To idealny wybór dla użytkowników pragnących doświadczyć rozgrywek na pełnych obrotach.
 
 
 
 ","الحل الأمثل لمعالجات AMD بلا منافس
 يُعد حل NM1090 PRO الخيار الأمثل لوحدات المعالجة المركزية من سلسلة AMD Ryzen 9000. لا يقدم أداءً فائقًا فحسب في التخزين والحوسبة، بل يضمن أيضًا تحميلًا سريعًا للألعاب وتشغيلًا سلسًا. إنه الخيار المثالي للمستخدمين الذين يبحثون عن تجربة ألعاب عالية الأداء.
 
 
 
 ","比類なきAMDのパートナー
 NM1090 PROは、AMD Ryzen 9000シリーズCPUに最適です。優れたストレージとコンピューティングのパフォーマンスを実現するだけでなく、ゲームの高速ロードとスムーズな動作を確約します。高パフォーマンスのゲーム体験を求めるユーザーに理想的な選択肢です。
 
 
 
 ","無與倫比的 AMD 夥伴
 NM1090 PRO 能完美搭配 AMD Ryzen 9000 系列 CPU。不僅提供極致的儲存和運算效能，更確保快速載入遊戲和流暢運作。對追求高效能遊戲體驗的使用者來說，是最理想的選擇。
 
 
 
 ","Đối Tác AMD Vượt Trội
 NM1090 PRO là mảnh ghép hoàn hảo dành cho các CPU dòng AMD Ryzen 9000. Sản phẩm không chỉ cung cấp hiệu suất lưu trữ và điện toán cực cao mà còn đảm bảo quá trình tải game nhanh chóng và vận hành trơn tru. Đây là lựa chọn lý tưởng cho những người dùng muốn tận hưởng trải nghiệm chơi game hiệu suất cao.
 
 
 
 ","Een ongeëvenaarde AMD-partner
 De NM1090 PRO is de perfecte match voor CPU's uit de AMD Ryzen 9000-serie. Hij levert niet alleen extreme opslag- en rekenprestaties, maar zorgt ook voor snel laden van games en een soepele werking. Het is de ideale keuze voor gebruikers die hoge eisen stellen aan hun game-ervaring.
 
 
 
 ","En oöverträffad AMD-partner
 NM1090 PRO är den perfekta partnern för AMD Ryzen 9000-seriens CPU:er. Den ger inte bara extrem lagring och datorprestanda utan garanterar även snabb spelinläsning och smidig drift. Det är det perfekta valet för användare som vill ha spelupplevelse med hög prestanda.
 
 
 
 ","Benzersiz Bir AMD Ortağı
 NM1090 PRO, AMD Ryzen 9000 serisi işlemciler için biçilmiş kaftandır. Sadece üst düzey depolama ve programlama performansı sunmakla kalmaz, aynı zamanda hızlı oyun yükleme ve sorunsuz çalışma sağlar. Yüksek performanslı oyun deneyimi arayan kullanıcılar için ideal seçimdir.
 
 
 
 ",,,,,,,,,,,,,
,"Heat-Defying 6nm Controller

Offers advanced performance and simultaneously achieves better power management. The controller's temperature is reduced by 38%*, ensuring that the hard drive remains cool during high-load operation and provides a smoother performance experience.


BIT Running for 30 Minutes Later
Temperature Comparison with Other Gen 5 SSDs

Controller Temperature Reduction
S.M.A.R.T. Temperature Reduction

* Based on internal testing. Actual performance may vary.","Wärmeabweisender 6nm Controller
 
 Bietet erweiterte Leistung und erreicht gleichzeitig eine bessere Energieverwaltung. Die Temperatur des Controllers wird um 38%* gesenkt, wodurch sichergestellt wird, dass der Datenträger bei hoher Last kühl bleibt und eine bessere Leistung bietet.
 
 
 BIT nach 30 Minuten Ausführung
 Temperaturvergleich mit anderen SSDs der 5. Generation
 
 Temperaturreduzierung des Controllers
 S.M.A.R.T. Temperaturreduzierung
 
 * Basierend auf internen Tests. Die tatsächliche Geschwindigkeit kann variieren.","Contrôleur 6 nm résistant à la chaleur
 
 Offre des performances avancées tout en assurant une meilleure gestion de l'énergie. La température du contrôleur est réduite de 38 %*, ce qui permet au disque dur de rester froid pendant les opérations à forte charge et d'offrir une expérience de jeu plus fluide.
 
 
 BIT fonctionnant 30 minutes plus tard
 Comparaison de la température avec d'autres SSD Gen 5
 
 Réduction de la température du contrôleur
 S.M.A.R.T. Réduction de la température
 
 * Basé sur des tests internes. Les performances réelles peuvent varier.","Controlador de 6 nm que desafía el calor
 
 Ofrece un rendimiento avanzado y al mismo tiempo logra una mejor gestión de la energía. La temperatura del controlador se reduce en un 38 %*, lo que garantiza que el disco duro se mantenga frío durante el funcionamiento con alta carga y proporciona una experiencia de rendimiento más fluida.
 
 
 BIT se ejecuta más tarde durante 30 minutos
 Comparación de temperatura con otras SSD de quinta generación
 
 Reducción de la temperatura del controlador
 S.M.A.R.T. Reducción de temperatura
 
 * Basado en pruebas internas. El rendimiento real puede variar.","Controller anti-calore da 6 nm
 
 Offre prestazioni avanzate e contemporaneamente gestisce meglio il consumo energetico. La temperatura del controller è ridotta del 38%*; questo garantisce che il disco rigido rimanga freddo durante le operazioni più intense, e offre un’esperienza d’uso più scorrevole.
 
 
 La BIT funziona per 30 minuti dopo
 Confronto di temperatura con altri SSD di quinta generazione
 
 Riduzione della temperatura del controller
 S.M.A.R.T. Riduzione della temperatura
 
 * Basato su verifiche interne. Le prestazioni effettive possono variare.","Kontroler 6nm odporny na ciepło
 
 Zapewnia zaawansowane osiągi, a przy tym lepsze zarządzanie energią. Temperatura kontrolera jest niższa o 38%*, aby dysk pozostawał chłodny nawet w trakcie intensywnej pracy, zapewniając płynniejszą wydajność.
 
 
 O 30 minut dłuższa praca wbudowanego narzędzia testującego
 Porównanie temperatury z innymi SSD 5. generacji
 
 Niższa temperatura kontrolera
 Niższa temperatura dzięki technologii S.M.A.R.T.
 
 * Na podstawie testów wewnętrznych. Rzeczywiste osiągi mogą być inne.","تحكم حراري متطور بتقنية 6 نانومتر: يحافظ على الأداء حتى في الظروف القاسية
 
 تقدم البطاقة أداءً متطورًا مع تحقيق إدارة طاقة أفضل في نفس الوقت. تم تخفيض درجة حرارة وحدة التحكم بنسبة 38%*، مما يضمن بقاء محرك الأقراص باردًا أثناء التشغيل تحت الأحمال العالية ويوفر تجربة أداء أكثر سلاسة.
 
 
 تشغيل BIT لمدة 30 دقيقة لاحقًا
 مقارنة درجات الحرارة مع محركات الأقراص ذات الحالة الصلبة من الجيل الخامس الأخرى
 
 تقليل درجة حرارة وحدة التحكم
 تقنية S.M.A.R.T (التقنية الذاتية للمراقبة والتحليل والإبلاغ) تقليل درجة الحرارة: أداء حراري محسّن
 
 *بناءً على الاختبارات الداخلية. الأداء الفعلي قد يختلف عن الأداء المذكور أو المقارن به.","熱に強い6nmコントローラー
 
 高度なパフォーマンスと同時に電力管理の改善を実現します。コントローラーの温度を38%低下させ*、高負荷の動作中もハードドライブをクールに保ち、よりスムーズなパフォーマンスを提供します。
 
 
 BIT実行30分後
 他のGen 5 SSDとの温度比較
 
 コントローラーの温度低下
 S.M.A.R.T. の温度低下
 
 *社内テストに基づいています。実際のパフォーマンスは異なる場合があります。","耐熱 6 奈米控制器
 
 提供進階效能，同時實現更高效的電源管理。控制器溫度降低 38%*，確保硬碟在高負載運轉時保持低溫，提供更流暢的效能體驗。
 
 
 BIT 延時運轉 30 分鐘
 與其他第五代 SSD 的溫度比較
 
 控制器降溫
 S.M.A.R.T. 降溫技術
 
 * 資料來源為 Lexar 品質實驗室，實際效能可能有所不同。","Bộ Điều Khiển 6nm Chịu Nhiệt
 
 Cung cấp hiệu suất tiên tiến đồng thời nâng cao khả năng quản lý điện năng. Nhiệt độ của bộ điều khiển được giảm đi 38%*, giúp đảm bảo ổ cứng luôn mát ngay cả khi hoạt động với hiệu năng cao và cung cấp trải nghiệm hiệu suất mượt mà hơn.
 
 
 BIT Chạy 30 Phút Sau Đó
 So Sánh Nhiệt Độ với Các Ổ Cứng SSD Gen 5 Khác
 
 Giảm Nhiệt Độ Bộ Điều Khiển
 Giảm Nhiệt Độ S.M.A.R.T.
 
 * Dựa trên kết quả kiểm thử của chúng tôi. Hiệu năng thực tế có thể khác biệt.","Hitte-bestendige 6 nm controller
 
 Het systeem levert geavanceerde prestaties en zorgt tegelijkertijd voor een beter energiebeheer. De temperatuur van de controller wordt met 38%* verlaagd, waardoor de harde schijf koel blijft tijdens intensief gebruik en soepelere prestaties levert.
 
 
 Ingebouwde test (BIT) loopt 30 minuten door
 Temperatuurvergelijking met andere Gen 5 SSD's
 
 Reductie temperatuur controller
 S.M.A.R.T. Temperatuurreductie
 
 * Gebaseerd op interne tests. Daadwerkelijke prestaties kunnen variëren.","Värmeavvisande 6 nm styrenhet
 
 Erbjuder avancerad prestanda och uppnår samtidigt bättre strömhantering. Styrenhetens temperatur sänks med 38 %*, vilket säkerställer att hårddisken förblir kall vid drift med hög belastning och ger en jämnare prestandaupplevelse.
 
 
 BIT körs i 30 minuter senare
 Temperaturjämförelse med andra Gen 5 SSD-enheter
 
 Temperatursänkning för styrenhet
 S.M.A.R.T. temperatursänkning
 
 * Baserat på interna tester. Faktisk prestanda kan variera.","Isıya Dayanıklı 6 nm Kontrolcü
 
 İleri düzey performans sunarken daha iyi güç yönetimi de yapar. Kontrolcünün sıcaklığı %38* azalarak ağır yüklü çalışma sırasında sabit diski serin tutar ve daha sorunsuz bir performans deneyimi yaşatır.
 
 
 30 Dakika Sonra BIT Çalışması
 Diğer Gen 5 SSD'lere Göre Sıcaklık Karşılaştırması
 
 Kontrolcü Sıcaklığı Azalması
 S.M.A.R.T. Sıcaklık Azalması
 
 * Dâhili test sonuçlarına göre. Gerçek performans değişiklik gösterebilir.",,,,,,,,,,,,,
,"Ultra-fast Response Blazing Speed
4K Random Reads Up to 2100K IOPS*, significantly speeds up system response and application loading times, especially enhancing efficiency in multitasking and video editing, providing gamers with a smoother experience.

* Speeds based on internal testing. Actual performance may vary.","Ultraschnelle Reaktionsgeschwindigkeit
 4K Zufälliges Lesen bis zu 2100K IOPS* beschleunigt die Systemreaktion und die Ladezeiten von Anwendungen erheblich, verbessert insbesondere die Effizienz beim Multitasking und bei der Videobearbeitung und bietet Gamern ein reibungsloseres Erlebnis.
 
 * Die Geschwindigkeitsangaben basieren auf internen Tests. Die tatsächliche Geschwindigkeit kann variieren.","Réponse ultra-rapide Vitesse fulgurante
 Lectures aléatoires 4K Jusqu'à 2100K IOPS*, accélère considérablement la réponse du système et les temps de chargement des applications, améliorant particulièrement l'efficacité du multitâche et de l'édition vidéo, offrant aux joueurs une expérience plus fluide.
 
 * Vitesses basées sur des tests internes. Les performances réelles peuvent varier.","Respuesta ultrarrápida a una velocidad increíble
 Lecturas aleatorias 4K de hasta 2100K IOPS*, acelera significativamente la respuesta del sistema y los tiempos de carga de las aplicaciones, mejorando especialmente la eficiencia en la multitarea y la edición de vídeo, brindando a los jugadores una experiencia más fluida.
 
 * Velocidades basadas en pruebas internas. El rendimiento real puede variar.","Altissima velocità di risposta
 Lettura Random 4K fino a 2100K IOPS*, accelera di molto la risposta del sistema e i tempi di caricamento delle applicazioni, aumentando in particolare l’efficienza nel multitasking e nell’editing video; offre un’esperienza di gioco più scorrevole.
 
 * Valori di velocità basati su test interni. Le prestazioni effettive possono variare.","Niesamowicie szybki czas reakcji
 Losowa prędkość odczytu 4K do 2,1 mln IOPS* znacznie przyspiesza czas reakcji systemu i czas ładowania aplikacji, co przekłada się przede wszystkim na poprawę efektywności podczas wykonywania wielu zadań naraz oraz edycji materiałów wideo, aby gracze mogli cieszyć się bardziej komfortowym doświadczeniem.
 
 * Prędkości uzyskane w testach wewnętrznych. Rzeczywiste osiągi mogą być inne.","سرعة فائقة واستجابة خارقة
 قراءة عشوائية بدقة 4K تصل إلى 2100 ألف عملية إدخال/إخراج في الثانية*: تُسرع بشكل كبير من استجابة النظام وأوقات تحميل التطبيقات، مما يعزز الكفاءة في المهام المتعددة وتحرير الفيديو، وكذلك توفير تجربة ألعاب أكثر سلاسة.
 
 *السرعات المذكورة تم اختبارها داخليًا من الشركة المُصنّعة. الأداء الفعلي قد يختلف عن الأداء المذكور أو المقارن به.","超高速の応答性
 最大2100K IOPSの4Kランダムリード*により、システムの応答時間とアプリケーションのロード時間を大幅に高速化し、特にマルチタスキングや動画編集で効率を向上するとともに、ゲーマーによりスムーズな体験をもたらします。
 
 *速度は社内テストに基づいています。実際のパフォーマンスは異なる場合があります。","超快回應速度
 4K 隨機讀取高達 2100K IOPS*，大幅加快系統回應和應用程式載入速度，尤其提升多工和影片編輯的效率，為遊戲玩家提供更流暢的體驗。
 
 * 速度係依據內部測試的結果。實際效能可能有所不同。","Tốc Độ Phản Hồi Chớp Nhoáng
 Tốc độ Đọc Ngẫu Nhiên 4K Lên tới 2100K IOPS*, giúp tăng tốc đáng kể thời gian phản hồi và tải ứng dụng của hệ thống, đặc biệt nâng cao hiệu quả khi thực hiện đa tác vụ và chỉnh sửa video, mang đến cho game thủ trải nghiệm mượt mà hơn.
 
 * Tốc độ dựa trên kết quả kiểm thử của chúng tôi. Hiệu năng thực tế có thể khác biệt.","Ultrasnelle respons Ultrasnelheid
 4K Random Reads tot 2100K IOPS*, versnelt de systeemrespons en laadtijden van applicaties aanzienlijk, verbetert met name de efficiëntie bij multitasking en videobewerking en biedt gamers een soepelere gebruikservaring.
 
 * Snelheden gebaseerd op interne tests. Daadwerkelijke prestaties kunnen variëren.","Ultrasnabb svarstid, blixtsnabb hastighet
 4K slumpmässig läsning upp till 2100K IOPS*, påskyndar systemets svarstid och programladdningstider markant, förbättrar i synnerhet effektiviteten vid multitasking och videoredigering, och ger spelare en smidigare upplevelse.
 
 * Hastigheter baserade på interna tester. Faktisk prestanda kan variera.","Ultra Hızlı Tepkiyle Baş Döndürücü Hız
 2100K IOPS'e* Varan 4K Rastgele Okumayla sistem tepkisi ve uygulama yükleme süreleri ciddi oranda hızlanır. Özellikle çoklu görevlerde ve video düzenlemede verimliliği geliştirir, oyunculara da daha sorunsuz deneyim sunar.
 
 * Hızlar dâhili testlere göredir. Gerçek performans değişiklik gösterebilir.",,,,,,,,,,,,,
,"A State-of-the-Art Experience
DRAM Cache and SLC Dynamic Cache greatly enhance data transfer speeds to reduce wait times and improve system responsiveness.

Dram Capacity","Ein Erlebnis auf dem neuesten Stand der Technik
 DRAM Cache und SLC Dynamic Cache verbessern die Datenübertragungsgeschwindigkeit erheblich, um Wartezeiten zu verkürzen und die Reaktionsfähigkeit des Systems zu verbessern.
 
 DRAM Kapazität","Une expérience de pointe
 Le cache DRAM et le cache dynamique SLC améliorent considérablement les vitesses de transfert des données afin de réduire les temps d'attente et d'améliorer la réactivité du système.
 
 Capacité DRAM","Una experiencia de vanguardia
 La caché DRAM y la caché dinámica SLC mejoran enormemente las velocidades de transferencia de datos para reducir los tiempos de espera y mejorar la capacidad de respuesta del sistema.
 
 Capacidad Dram","Un'esperienza all'avanguardia
 La Cache DRAM e la cache dinamica SLC aumenta notevolmente la velocità di trasferimento dei dati, riduce i tempi di attesa e migliora la responsività del sistema.
 
 Capacità Dram","Supernowoczesne doświadczenie
 Pamięć podręczna DRAM i dynamiczna pamięć podręczna SLC znacznie przyspieszają tempo przesyłu danych, ograniczając czas oczekiwania i poprawiając szybkość reakcji systemu.
 
 Pojemność DRAM","تجربة حديثة من الطراز الأول
 ذاكرة DRAM وذاكرة SLC الديناميكية: تعزز بشكل كبير سرعة نقل البيانات، مما يقلل أوقات الانتظار ويحسّن استجابة النظام.
 
 سعة ذاكرة الوصول العشوائي الديناميكية DRAM","最先端の体験
 DRAMキャッシュとSLCダイナミックキャッシュがデータ転送速度を大幅に強化し、待ち時間を短縮すると同時に、システムの応答性を向上させます。
 
 DRAM容量","最先進的體驗
 DRAM 快取和 SLC 動態快取大幅提升資料傳輸速度，可縮短等待時間並改善系統回應能力。
 
 動態容量","Trải Nghiệm Tối Tân
 Bộ Nhớ Đệm DRAM và Bộ Nhớ Đệm Động SLC tăng cường mạnh mẽ tốc độ truyền dữ liệu để giảm thời gian chờ và cải thiện phản hồi của hệ thống.
 
 Dung Lượng Dram","Een state-of-the-art ervaring
 DRAM Cache en SLC Dynamic Cache verbeteren de gegevensoverdrachtsnelheden aanzienlijk om wachttijden te verminderen en de reactiesnelheid van het systeem te verbeteren.
 
 Dram-capaciteit","En toppmodern upplevelse
 DRAM cache och SLC dynamisk cache förbättrar dataöverföringshastigheterna avsevärt för att minska väntetiderna och förbättra systemets svarstider.
 
 DRAM-kapacitet","Son Teknoloji Deneyim
 DRAM Ön Bellek ve SLC Dinamik Ön Bellek veri aktarma hızlarını büyük oranda artırarak bekleme sürelerini azaltır ve sistemin tepkisini iyileştirir.
 
 Dram Kapasitesi",,,,,,,,,,,,,
,"Up to 4TB

Offers 1TB/2TB/4TB storage options. Easily handles OS, large games, and UHD/8K media storage needs, meeting the high demand for SSD capacity in the AIPC era.

High-quality chips ensure ample storage design, offering gamers more space
Actual usable capacity
A non-full capacity 4TB SSD
NM1090 PRO 4TB

* Based on internal testing. Actual performance may vary.","Bis zu 4 TB
 
 Bietet 1 TB/2 TB/4 TB Speicheroptionen. Bewältigt problemlos Betriebssysteme, große Spiele und UHD/8K Medienspeicheranforderungen und erfüllt damit die hohe Nachfrage nach SSD-Kapazität in der AIPC Ära.
 
 Hochwertige Chips sorgen für ein großzügiges Speicherdesign und bieten Gamern mehr Platz
 Tatsächlich nutzbare Kapazität
 Eine 4 TB SSD ohne volle Kapazität
 NM1090 PRO 4TB
 
 * Basierend auf internen Tests. Die tatsächliche Geschwindigkeit kann variieren.","Jusqu'à 4 To
 
 Offre des options de stockage de 1 To/2 To/4 To. Gère facilement les besoins de stockage du système d'exploitation, des jeux volumineux et des médias UHD/8K, répondant ainsi à la forte demande de capacité SSD à l'ère de l'AIPC.
 
 Les puces de haute qualité garantissent une conception de stockage ample,
 offrant plus d'espace aux joueurs
 Capacité utilisable réelle
 Un SSD de 4 To non pleine capacité
 NM1090 PRO 4 To
 
 * Basé sur des tests internes. Les performances réelles peuvent varier.","Hasta 4 TB
 
 Ofrece opciones de almacenamiento de 1 TB/2 TB/4 TB. Gestiona fácilmente sistemas operativos, juegos grandes y necesidades de almacenamiento de medios UHD/8K, satisfaciendo la alta demanda de capacidad de las SSD en la era AIPC.
 
 Los chips de alta calidad garantizan un amplio diseño de almacenamiento, ofreciendo a los jugadores más espacio.
 Capacidad utilizable real
 Una SSD de 4 TB con capacidad no completa
 NM1090 PRO 4 TB
 
 * Basado en pruebas internas. El rendimiento real puede variar.","Fino a 4 TB
 
 Offre opzioni di capacità da 1TB/2TB/4TB. Gestisce con facilità sistemi operativi, giochi pesanti e archiviazione di media UHD/8K; risponde alle esigenze di capacità per gli SSD nell’era AIPC.
 
 Chip di alta qualità garantiscono un design con grande capacità di archiviazione, e offrono più spazio per i giochi
 Capacità utilizzabile effettiva
 Un SSD da 4 TB a capacità non piena
 NM1090 PRO 4TB
 
 * Basato su verifiche interne. Le prestazioni effettive possono variare.","Do 4 TB
 
 Opcje pojemności 1 TB / 2 TB / 4 TB Łatwa obsługa systemów operacyjnych i dużych gier, możliwość przechowywania mediów w jakości UHD/8K, wychodząc naprzeciw wysokiemu zapotrzebowaniu na pojemność SSD w erze AIPC.
 
 Wysokiej jakości chipy zapewniają konstrukcję oferującą dużą pojemność, wychodząc naprzeciw potrzebom graczy
 Faktyczna pojemność użytkowa
 SSD o pojemności użytkowej sięgającej niespełna 4 TB
 NM1090 PRO 4TB
 
 * Na podstawie testów wewnętrznych. Rzeczywiste osiągi mogą być inne.","حتى 4 تيرابايت
 
 خيارات تخزين متنوعة: 1 تيرابايت / 2 تيرابايت / 4 تيرابايت. قدرة فائقة على التعامل مع: أنظمة التشغيل، والألعاب الكبيرة، وتخزين الوسائط بدقة UHD/8K، مما يلبي الطلب المتزايد على سعة محرك الأقراص ذي الحالة الصلبة في عصر تطبيقات الذكاء الاصطناعي والحوسبة عالية الأداء.
 
 شرائح عالية الجودة: تضمن تصميمًا سعويًا واسعًا، مما يوفر للاعبين مساحة تخزين أكبر
 السعة الفعلية القابلة للاستخدام
 محرك الأقراص ذو الحالة الصلبة 4 تيرابايت غير مكتمل السعة
 بطاقة ذاكرة NM1090 PRO سعة 4 تيرابايت
 
 *بناءً على الاختبارات الداخلية. الأداء الفعلي قد يختلف عن الأداء المذكور أو المقارن به.","最大4TB
 
 1TB/2TB/4TBのストレージオプションが用意されています。OS、大型ゲーム、UHD/8Kメディアストレージなどのニーズに簡単に対応し、AIPC時代のSSD容量に対する高い要求に応えます。
 
 高品質なチップが十分なストレージの設計を確約し、ゲーマーにより多くの領域を提供します。
 実際に使用できる容量
 全容量ではない4TB SSD
 NM1090 PRO 4TB
 
 *社内テストに基づいています。実際のパフォーマンスは異なる場合があります。","高達 4TB
 
 提供 1TB/2TB/4TB 儲存選項。輕鬆應對 OS、大型遊戲和 UHD/8K 媒體儲存需求，滿足 AI 電腦時代對 SSD 容量的高需求。
 
 採用高品質晶片，確保大儲存容量設計，為遊戲玩家提供更多空間
 實際可用容量
 非全容量 4TB SSD
 NM1090 PRO 4TB
 
 * 資料來源為 Lexar 品質實驗室，實際效能可能有所不同。","Lên tới 4TB
 
 Cung cấp tùy chọn lưu trữ 1TB/2TB/4TB. Dễ dàng xử lý OS, những tựa game đồ sộ và nhu cầu lưu trữ phương tiện UHD/8K, giúp đáp ứng nhu cầu cao về dung lượng SSD trong kỷ nguyên AIPC.
 
 Chip chất lượng cao đảm bảo thiết kế lưu trữ rộng lớn, giúp game thủ có nhiều dung lượng hơn
 Dung lượng sử dụng thực tế
 Ổ cứng SSD 4TB không đầy dung lượng
 NM1090 PRO 4TB
 
 * Dựa trên kết quả kiểm thử của chúng tôi. Hiệu năng thực tế có thể khác biệt.","Tot 4 TB
 
 Biedt opslagopties van 1 TB/2 TB/4 TB. Kan gemakkelijk omgaan met OS, grote games en UHD/8K media-opslagbehoeften, en voldoet aan de grote vraag naar SSD-capaciteit in het AIPC-tijdperk.
 
 Hoogwaardige chips zorgen voor een ruim opslagontwerp en bieden gamers meer ruimte
 Werkelijke bruikbare capaciteit
 Een SSD van 4 TB zonder volledige capaciteit
 NM1090 PRO 4TB
 
 * Gebaseerd op interne tests. Daadwerkelijke prestaties kunnen variëren.","Upp till 4 TB
 
 Erbjuder 1TB/2TB/4TB lagringsalternativ. Hanterar enkelt operativsystem, stora spel och UHD/8K-medialagringsbehov, vilket uppfyller den höga efterfrågan på SSD-kapacitet i AIPC-eran.
 
 Chips av hög kvalitet garanterar gott om lagringsdesign, vilket ger spelare mer utrymme
 Faktisk användbar kapacitet
 En icke-full kapacitet 4 TB SSD
 NM1090 PRO 4TB
 
 * Baserat på interna tester. Faktisk prestanda kan variera.","4 TB'ye varan kapasite
 
 1TB/2TB/4TB depolama seçenekleri sunar. İşletim sistemini, büyük boyutlu oyunları ve UHD/8K ortam dosyalarını kolayca saklayarak AIPC çağında SSD kapasitesine olan yüksek talebi karşılar.
 
 Yüksek kaliteli çipler, oyunculara daha fazla alan sunan geniş depolama tasarımı sağlar
 Gerçek kullanım kapasitesi
 Tam kapasite olmayan 4TB SSD
 NM1090 PRO 4TB
 
 * Dâhili test sonuçlarına göre. Gerçek performans değişiklik gösterebilir.",,,,,,,,,,,,,
,"Compatible with Microsoft DirectStorage 
Built to leverage Microsoft DirectStorage3 and significantly boost game loads, minimize delays, conserve CPU power, and enrich the gaming experience.","Kompatibel mit Microsoft DirectStorage 
 Entwickelt, um Microsoft DirectStorage3 zu nutzen und das Laden von Spielen erheblich zu beschleunigen, Verzögerungen zu minimieren, CPU Leistung zu sparen und das Spielerlebnis zu bereichern.","Compatible avec
 Microsoft DirectStorage 
 Conçu pour tirer parti de Microsoft DirectStorage3 et accélérer considérablement le chargement des jeux, minimiser les délais, économiser la puissance du CPU et enrichir l'expérience de jeu.","Compatible con Microsoft DirectStorage 
 Diseñada para aprovechar Microsoft DirectStorage3 y aumentar significativamente las cargas de juegos, minimizar retrasos, conservar energía de la CPU y enriquecer la experiencia de juego.","Compatibile con Microsoft DirectStorage 
 Costruito per sfruttare Microsoft DirectStorage3, migliora il caricamento dei giochi, minimizza i ritardi, conserva la potenza della CPU e arricchisce l'esperienza di gioco.","Kompatybilny z Microsoft DirectStorage 
 Stworzony w celu wykorzystania rozwiązania Microsoft DirectStorage3, aby znacząco przyspieszyć ładowanie gier, zminimalizować opóźnienia, oszczędzać moc procesora i zapewnić bogatsze doświadczenia podczas gier.","متوافقة مع تقنية Microsoft DirectStorage 
 مصممة للاستفادة الكاملة من تقنية Microsoft DirectStorage3، مما يعزز بشكل كبير سرعة تحميل الألعاب، ويقلل من التأخير، ويحافظ على طاقة وحدة المعالجة المركزية، ويثري تجربة الألعاب بشكل عام.","Microsoft DirectStorageに対応 
 Microsoft DirectStorage3の活用を念頭に構築されており、ゲームの読み込みを大幅に向上させ、遅延を最小限に抑え、CPUのパワーを節約することで、より豊富なゲーム体験を実現します。","與 Microsoft DirectStorage 相容 
 專門打造能運用 Microsoft DirectStorage3 並大幅提高遊戲負載、將延遲時間縮到最短、節省 CPU 功率，並提供豐富的遊戲體驗。","Tương thích với Microsoft DirectStorage 
 Được thiết kế để tận dụng Microsoft DirectStorage3 và cải thiện đáng kể tốc độ tải game, giảm thiểu độ trễ, tiết kiệm điện năng CPU và tăng cường trải nghiệm chơi game.","Compatibel met Microsoft DirectStorage 
 Ontworpen om gebruik te maken van Microsoft DirectStorage3 en gamebelasting aanzienlijk te verhogen, vertragingen te minimaliseren, CPU-kracht te besparen en de game-ervaring te verrijken.","Kompatibel med Microsoft DirectStorage 
 Byggd för att använda Microsoft DirectStorage3 och avsevärt förbättra hämtningen av spel, minimera fördröjningar, spara CPU-kraft och berika spelupplevelsen.","Microsoft DirectStorage Uyumlu 
 Microsoft DirectStorage3'ten yararlanmak, oyun yüklemelerini hızlandırmak, gecikmeleri en aza indirmek, işlemci gücünü korumak ve oyun deneyimini zenginleştirmek için üretildi.",,,,,,,,,,,,,
,"Unleashing ultimate performance
Paired with the latest AMD and Intel CPUs and PCIe 5.0 motherboards, it achieves the perfect match for ultimate performance. It is also backward compatible with PCIe 3.0 and PCIe 4.0 systems to ensure extensive applicability.","Ultimative Leistung entfesseln
 Zusammen mit den neuesten AMD und Intel CPUs und PCIe 5.0 Mainboards ist sie die perfekte Kombination für ultimative Leistung. Sie ist auch zu PCIe 3.0 und PCIe 4.0 Systemen abwärtskompatibel, um eine umfassende Anwendbarkeit zu gewährleisten.","Des performances
 ultimes
 Associé aux derniers CPU AMD et Intel et aux cartes mères PCIe 5.0, il constitue la solution idéale pour des performances optimales. Il est également rétrocompatible avec les systèmes PCIe 3.0 et PCIe 4.0 pour garantir une applicabilité étendue.","Liberar el máximo rendimiento
 Combinado con las últimas CPU AMD e Intel y placas base PCIe 5.0, logra la combinación perfecta para lograr el máximo rendimiento. También es compatible con versiones anteriores de sistemas PCIe 3.0 y PCIe 4.0 para garantizar una amplia aplicabilidad.","Scatena le massime prestazioni
 Se usato assieme alle più recenti CPU AMD e Intel e alle schede madri PCIe 5.0, è la combinazione perfetta per le massime prestazioni. È anche retrocompatibile con i sistemi PCIe 3.0 e PCIe 4.0, per una massima flessibilità d’uso.","Uwolnij potencjał maksymalnej wydajności
 W parze z najnowszymi procesorami AMD i Intel oraz płytami głównymi PCIe 5.0 zapewnia wszystko, co niezbędne, by cieszyć się maksymalną wydajnością. Umożliwia również kompatybilność wsteczną z systemami PCIe 3.0 i PCIe 4.0, zwiększając wachlarz możliwych zastosowań.","إطلاق العنان للأداء الأقصى
 عند استخدامها مع أحدث وحدات المعالجة المركزية من AMD وIntel واللوحات الأم التي تدعم تقنية PCIe 5.0، يحقق هذا المنتج التوافق المثالي للحصول على الأداء الفائق. كما أنها متوافقة مع أنظمة PCIe 3.0 وPCIe 4.0 لضمان شمولية التطبيق.","究極のパフォーマンスを解放
 最新のAMDとインテルのCPU、PCIe 5.0マザーボードで、究極のパフォーマンスに最適な組み合わせを達成しています。PCIe 3.0およびPCIe 4.0システムとも下位互換性があり、幅広い適用性が確約されています。","釋放極致效能
 搭配最新的 AMD 和 Intel CPU 及 PCIe 5.0 主機板，實現完美組合，達到極致效能。亦向下相容於 PCIe 3.0 和 PCIe 4.0 系統，確保廣泛的適用性。","Giải phóng hiệu suất tối ưu
 Kết hợp với các CPU AMD và Intel mới nhất cùng bo mạch chủ PCIe 5.0, sản phẩm này trở thành mảnh ghép hoàn hảo để giúp bạn đạt được hiệu suất tối ưu. Sản phẩm còn tương thích ngược với các hệ thống PCIe 3.0 và PCIe 4.0 để đảm bảo khả năng ứng dụng rộng rãi.","Profiteer van ultieme prestaties
 Dit systeem, in combinatie met de nieuwste AMD en Intel CPU's en PCIe 5.0 moederborden, is de perfecte match voor ultieme prestaties. Het systeem is ook achterwaarts compatibel met PCIe 3.0 en PCIe 4.0 systemen om uitgebreide toepasbaarheid te garanderen.","Frigör ultimat prestanda
 Tillsammans med de senaste AMD- och Intel-processorerna och PCIe 5.0-moderkort, är den den perfekta partnern för ultimat prestanda. Den är även bakåtkompatibel med PCIe 3.0- och PCIe 4.0-system för att säkerställa omfattande tillämpbarhet.","Nihai performansı açığa çıkarın
 En yeni AMD ve Intel işlemciler ve PCIe 5.0 anakartlar ile birlikte kullanıldığında nihai performansı yaşamak için biçilmiş kaftan olur. Ayrıca geniş uygulanabilirliği sürdürmek için PCIe 3.0 ve PCIe 4.0 sistemlerle geriye dönük uyumludur.",,,,,,,,,,,,,
,"Lexar DiskMaster
Firmware upgrades
Health monitoring
Performance optimization
Data security","Lexar DiskMaster
 Firmware-Aktualisierungen
 Statusüberwachung
 Leistungsoptimierung
 Datensicherheit","Lexar DiskMaster
 Mises à niveau du microprogramme
 Surveillance de la santé
 Optimisation des performances
 Sécurité des données","Lexar DiskMaster
 Actualizaciones de firmware
 Monitoreo de salud
 Optimización del rendimiento
 Seguridad de los datos","Lexar DiskMaster
 Aggiornamenti del firmware
 Controllo dello stato di salute
 Ottimizzazione delle prestazioni
 Sicurezza dei dati","Lexar DiskMaster
 Uaktualnianie oprogramowania sprzętowego
 Monitorowanie stanu
 Optymalizacja działania
 Bezpieczeństwo danych","Lexar DiskMaster
 ترقيات البرمجيات الثابتة
 مراقبة الصحة
 تحسين الأداء
 أمن البيانات","Lexar DiskMaster
 ファームウェアアップグレード
 健全性モニタリング
 パフォーマンス最適化
 データセキュリティ","Lexar DiskMaster
 韌體升級
 健全度監控
 效能最佳化
 資料安全性","Lexar DiskMaster
 Nâng cấp phần sụn
 Theo dõi sức khỏe
 Tối ưu hóa hiệu năng
 Bảo mật dữ liệu","Lexar DiskMaster
 Firmware upgrades
 Health-monitoring
 Optimalisatie van prestaties
 Gegevensbeveiliging","Lexar DiskMaster
 Uppgraderingar av firmware
 Hälsokontroll
 Prestandaoptimering
 Datasäkerhet","Lexar DiskMaster
 Bellenim güncellemeleri
 Sağlık takibi
 Performans optimizasyonu
 Veri güvenliği",,,,,,,,,,,,,
,"Unleash the Gaming Power
Support Microsoft DirectStorage technology significantly reduces game load time.","Entfesseln Sie die Gaming Leistung
 Die Unterstützung der Microsoft DirectStorage Technologie reduziert die Ladezeit von Spielen erheblich.","Libérez
 la puissance de jeu
 La prise en charge de la technologie Microsoft DirectStorage réduit considérablement le temps de chargement des jeux.","Libera el poder del juego
 La compatibilidad con la tecnología Microsoft DirectStorage reduce significativamente el tiempo de carga del juego.","Scatena la potenza di gioco
 Supporta la tecnologia Microsoft DirectStorage, e riduce di molto i tempi d’attesa per caricare i giochi.","Uwolnij nowe moce w grach
 Obsługa technologii Microsoft DirectStorage znacząco skraca czas wczytywania gier.","أطلق العنان لقوة الألعاب
 تدعم تقنية Microsoft DirectStorage التي تقلل بشكل كبير من وقت تحميل الألعاب.","ゲーミングパワーを解き放つ
 Microsoft DirectStorageテクノロジーのサポートによりゲームのロード時間を大幅に短縮します。","釋放遊戲力量
 支援 Microsoft DirectStorage 技術，可大幅縮短遊戲載入時間。","Giải Phóng Năng Lực Chơi Game
 Hỗ trợ công nghệ Microsoft DirectStorage giúp giảm đáng kể thời gian tải game.","Ontketen de gaming power
 Ondersteuning voor Microsoft DirectStorage-technologie vermindert de laadtijd van games aanzienlijk.","Släpp loss gamingkraften
 Stöd för Microsoft DirectStorage-teknik minskar spelets laddningstid avsevärt.","Oyun Gücünü Açığa Çıkarın
 Microsoft DirectStorage teknolojisi desteğiyle oyun yükleme sürelerini ciddi miktarda azaltır.",,,,,,,,,,,,,
,"New Creative Experience
Boosts rendering speeds, turning ideas into reality instantly.","Neues Kreativerlebnis
 Erhöht die Geschwindigkeit beim Rendern, sodass Ideen sofort in die Realität umgesetzt werden können.","Nouvelle
 expérience créative
 Augmente les vitesses de rendu, transformant instantanément les idées en réalité.","Nueva experiencia creativa
 Aumenta las velocidades de renderizado, convirtiendo las ideas en realidad al instante.","Nuova esperienza di gioco
 Aumenta la velocità dei rendering, e trasforma in un istante le idee in realtà.","Nowe doświadczenie w kreatywności
 Przyspieszenie prędkości renderowania – pomysły natychmiast zmieniają się w rzeczywistość.","تجربة إبداعية جديدة
 تعزز سرعات العرض، وتحول الأفكار إلى واقع على الفور.","新しいクリエイティブ体験
 レンダリング速度を向上し、アイデアを即座に現実に変えます。","全新創作體驗
 大幅加快渲染速度，立即將想法化為真實。","Khai Phá Trải Nghiệm Sáng Tạo Mới
 Tăng tốc độ kết xuất, chuyển đổi tức thì ý tưởng thành hiện thực.","Nieuwe creatieve ervaring
 Verhoogt renderingsnelheden, waardoor ideeën direct werkelijkheid worden.","Ny kreativ upplevelse
 Ökar återgivningshastigheten och förverkligar idéer direkt.","Yeni Yaratıcı Deneyim
 Render hızlarını yükselterek fikirlerinizi anında gerçeğe çevirin.",,,,,,,,,,,,,
,"Ultimate Performance for AIPC
Meets AIPC's high-end demands with exceptional performance and vast capacity.","Ultimative Leistung für AIPC
 Erfüllt die High-End Anforderungen von AIPCs mit außergewöhnlicher Leistung und hoher Kapazität.","Performances ultimes
 pour l'AIPC
 Répond aux exigences haut de gamme de l'AIPC grâce à des performances exceptionnelles et une grande capacité.","Máximo rendimiento para AIPC
 Cumple con las demandas de alto nivel de AIPC con un rendimiento excepcional y una gran capacidad.","Altissime prestazioni per AIPC
 Risponde alle alte esigenze dell’AIPC con prestazioni eccezionali e una grande capacità.","Wyjątkowa wydajność dla AIPC
 Spełnione najwyższe wymagania dotyczące AIPC z wyjątkową wydajnością i oszczędnością pojemności.","أداء فائق لتطبيقات الذكاء الاصطناعي والحوسبة عالية الأداء
 تلبي متطلبات تطبيقات الذكاء الاصطناعي والحوسبة عالية الأداء الراقية بأداء استثنائي وسعة تخزين هائلة.","AIPCに適した究極のパフォーマンス
 卓越したパフォーマンスと大容量で、AIPCのハイエンドな要求に応えます。","實現極致 AI 電腦效能
 卓越效能和龐大容量，滿足 AI 電腦的高階需求。","Hiệu Suất Tối Ưu cho AIPC
 Đáp ứng nhu cầu cao của AIPC với hiệu suất đặc biệt và dung lượng lớn.","Ultieme prestaties voor AIPC
 Voldoet aan de hoge eisen van AIPC met uitzonderlijke prestaties en een enorme capaciteit.","Ultimat prestanda för AIPC
 Uppfyller AIPC:s avancerade krav med exceptionell prestanda och stor kapacitet.","AIPC için Nihai Performans
 Sıra dışı performans ve geniş kapasiteyle AIPC'in yüksek taleplerini karşılar.",,,,,,,,,,,,,
,"5 Years Service
",5 Jahre Service,Service de 5 ans,5 años de servicio,5 anni di assistenza,5-letni serwis,خدمة لمدة 5 سنوات,5年保証,5 年保固,Bảo Hành 5 Năm,5 jaar service,5 års service,5 Yıl Servis,,,,,,,,,,,,,