source,zh-CN,zh-TW,ja,ko,fr,de,es,pt,pt-BR,ru,it,vi,th,id,ar,nl,pl,sv,tr,en
4X Faster than USB 3.0,速度高达 USB 3.0 的 4 倍,速度高達 USB 3.0 的 4 倍,USB 3.0の4倍の速度,USB 3.0보다 4배 빠른 속도,4 fois plus rapide que l'USB 3.0,4x schneller als USB 3.0,4 veces más rápido que USB 3.0,4 vezes mais rápido que o USB 3.0,4 vezes mais rápido que o USB 3.0,В 4 раза быстрее USB 3.0,4 volte più veloce di USB 3.0,Nhanh gấp 4 lần USB 3.0,เร็วกว่า USB 3.0 ถึง 4 เท่า,4X Lebih Cepat dari USB 3.0,أسرع 4 مرات من USB 3.0,4x sneller dan USB 3.0,4 razy szybciej niż USB 3.0,4X snabbare än USB 3.0,USB 3.0'dan 4 Kat Daha Hızlı,4X Faster than USB 3.0
AMD EXPO,AMD EXPO,AMD EXPO,AMD EXPO,AMD EXPO,AMD EXPO,AMD EXPO,AMD EXPO,AMD EXPO,AMD EXPO,AMD EXPO,AMD EXPO,AMD EXPO,AMD EXPO,AMD EXPO,AMD EXPO,AMD EXPO,AMD EXPO,AMD EXPO,AMD EXPO,AMD EXPO
CAS Latency,CAS 延迟,CAS 延遲,CASレイテンシ,CAS 레이턴시,Latence CAS,CAS-Latenz,Latencia CAS,Latência CAS,Latência CAS,Задержка CAS,Latenza CAS,Độ trễ CAS,ค่า CAS Latency,Latensi CAS,زمن استجابة CAS,CAS-latentie,Opóźnienie CAS,CAS-latens,CAS Gecikmesi,CAS Latency
CFexpress™ Type A,CFexpress™ Type A,CFexpress™ Type A,CFexpress™ Type A,CFexpress™ Type A,CFexpress™ Type A,CFexpress™ Type A,CFexpress™ Tipo A,CFexpress™ Tipo A,CFexpress™ Tipo A,CFexpress™ Type A,CFexpress™ Tipo A,CFexpress™ Loại A,CFexpress™ Type A,CFexpress™ Tipe A,CFexpress™ النوع A,CFexpress™ Type A,CFexpress™ Typ A,CFexpress™ Typ A,CFexpress™ Tip A,CFexpress™ Type A
CFexpress™ Type B,CFexpress™ Type B,CFexpress™ Type B,CFexpress™ Type B,CFexpress™ Type B,CFexpress™ Type B,CFexpress™ Type B,CFexpress™ Tipo B,CFexpress™ Tipo B,CFexpress™ Tipo B,CFexpress™ Type B,CFexpress™ Tipo B,CFexpress™ Loại B,CFexpress™ Type B,CFexpress™ Tipe B,CFexpress™ النوع B,CFexpress™ Type B,CFexpress™ Typ B,CFexpress™ Typ B,CFexpress™ Tip B,CFexpress™ Type B
DDR5 CUDIMM,DDR5 CUDIMM,DDR5 CUDIMM,DDR5 CUDIMM,DDR5 CUDIMM,DDR5 CUDIMM,DDR5 CUDIMM,DDR5 CUDIMM,DDR5 CUDIMM,DDR5 CUDIMM,DDR5 CUDIMM,DDR5 CUDIMM,DDR5 CUDIMM,DDR5 CUDIMM,DDR5 CUDIMM,DDR5 CUDIMM,DDR5 CUDIMM,DDR5 CUDIMM,DDR5 CUDIMM,DDR5 CUDIMM,DDR5 CUDIMM
DDR5 Performance with Powerful Heatsink,搭载高效散热马甲，释放DDR5强劲性能,搭載高效散熱片，釋放 DDR5 強勁效能,高性能ヒートシンク搭載でDDR5の性能を最大限に発揮,고성능 히트싱크로 극대화된 DDR5 성능,Performances DDR5 optimisées par un dissipateur thermique haute performance,Maximale DDR5-Performance mit leistungsstarkem Kühlkörper,Rendimiento DDR5 optimizado con un potente disipador de calor,Desempenho DDR5 otimizado com dissipador de calor de alta performance,Desempenho DDR5 otimizado com dissipador de calor de alta performance,Производительность DDR5 с мощным радиатором,Prestazioni DDR5 ottimizzate con un potente dissipatore di calore,Hiệu năng DDR5 tối ưu với tản nhiệt mạnh mẽ,ประสิทธิภาพ DDR5 พร้อมฮีตซิงก์อันทรงพลัง,Performa DDR5 dengan Heatsink yang Tangguh,أداء DDR5 مع مشتت حراري قوي,DDR5-prestaties met krachtig koellichaam,Wydajność DDR5 z potężnym radiatorem,DDR5-prestanda med kraftfull kylfläns,Güçlü Soğutucu Bloğa Sahip DDR5 Performansı,DDR5 Performance with Powerful Heatsink
DRAM Cache,独立DRAM高速缓存,獨立 DRAM 快取,DRAMキャッシュ,DRAM 캐시,Cache DRAM,DRAM-Cache,Caché DRAM,Cache DRAM,Cache DRAM,DRAM-кэш,Cache DRAM,Bộ nhớ đệm DRAM,แคช DRAM,Cache DRAM,ذاكرة تخزين مؤقت DRAM,DRAM-cache,Pamięć podręczna DRAM,DRAM-cache,DRAM Önbellek,DRAM Cache
Dynamic SLC Caching,动态SLC缓存,動態 SLC 快取,ダイナミックSLCキャッシング,동적 SLC 캐싱,Mise en cache SLC dynamique,Dynamisches SLC-Caching,Caché SLC dinámica,Cache SLC dinâmica,Cache SLC dinâmica,Динамическое SLC-кэширование,Cache SLC dinamica,Bộ nhớ đệm SLC động,SLC Caching แบบไดนามิก,Caching SLC Dinamis,تخزين مؤقت ديناميكي بتقنية SLC,Dynamische SLC-caching,Dynamiczne buforowanie SLC,Dynamisk SLC-cachning,Dinamik SLC Önbelleğe Alma,Dynamic SLC Caching
Frame Drop,掉帧,掉幀,コマ落ち,프레임 드롭,Perte d'images,Frame-Drops,Pérdida de fotogramas,Perda de quadros,Perda de quadros,Потеря кадров,Perdita di frame,Rớt frame,เฟรมหลุด,Kehilangan frame,فقدان الإطارات,Frameverlies,Gubienie klatek,Bildrutesfall,Kare Kaybı,Frame Drop
Heat-Defying 6nm Controller,6nm主控芯片，无惧高温,6nm 主控晶片，無懼高溫,高温に強い6nmコントローラー,발열에 강한 6nm 컨트롤러,Contrôleur 6 nm résistant aux hautes températures,Hitzebeständiger 6-nm-Controller,Controlador de 6 nm resistente a altas temperaturas,Controlador de 6 nm resistente a altas temperaturas,Controlador de 6 nm resistente a altas temperaturas,Термостойкий 6-нм контроллер,Controller a 6 nm resistente alle alte temperature,Controller 6nm chịu nhiệt tốt,คอนโทรลเลอร์ 6nm ทนความร้อนสูง,Kontroler 6nm Tahan Panas,وحدة تحكم بدقة 6 نانومتر تتحدى الحرارة,Hittebestendige 6nm-controller,Odporny na wysokie temperatury kontroler w procesie 6 nm,Värmetålig 6nm-kontroller,Isıya Meydan Okuyan 6nm Kontrolcü,Heat-Defying 6nm Controller
Heatsink,散热马甲,散熱片,ヒートシンク,히트싱크,Dissipateur thermique,Kühlkörper,Disipador de calor,Dissipador de calor,Dissipador de calor,Радиатор,Dissipatore di calore,Tản nhiệt,ฮีตซิงก์,Heatsink,مشتت حراري,Koellichaam,Radiator,Kylfläns,Soğutucu,Heatsink
Intel XMP 3.0,Intel XMP 3.0,Intel XMP 3.0,Intel XMP 3.0,Intel XMP 3.0,Intel XMP 3.0,Intel XMP 3.0,Intel XMP 3.0,Intel XMP 3.0,Intel XMP 3.0,Intel XMP 3.0,Intel XMP 3.0,Intel XMP 3.0,Intel XMP 3.0,Intel XMP 3.0,Intel XMP 3.0,Intel XMP 3.0,Intel XMP 3.0,Intel XMP 3.0,Intel XMP 3.0,Intel XMP 3.0
LPDDR5X,LPDDR5X 低功耗内存,LPDDR5X 低功耗記憶體,LPDDR5X,LPDDR5X,LPDDR5X,LPDDR5X,LPDDR5X,LPDDR5X,LPDDR5X,LPDDR5X,LPDDR5X,LPDDR5X,LPDDR5X,LPDDR5X,LPDDR5X,LPDDR5X,LPDDR5X,LPDDR5X,LPDDR5X,LPDDR5X
MTBF,MTBF（平均无故障时间）,MTBF（平均無故障時間）,MTBF,MTBF,MTBF,MTBF,MTBF,MTBF,MTBF,MTBF,MTBF,MTBF,MTBF,MTBF,MTBF,MTBF,MTBF,MTBF,MTBF,MTBF
NVMe 2.0,NVMe 2.0,NVMe 2.0,NVMe 2.0,NVMe 2.0,NVMe 2.0,NVMe 2.0,NVMe 2.0,NVMe 2.0,NVMe 2.0,NVMe 2.0,NVMe 2.0,NVMe 2.0,NVMe 2.0,NVMe 2.0,NVMe 2.0,NVMe 2.0,NVMe 2.0,NVMe 2.0,NVMe 2.0,NVMe 2.0
On-die ECC,片内ECC硬件纠错,晶粒內建 ECC 偵錯機制,オンダイECC,온다이 ECC,ECC sur puce,On-Die-ECC,ECC integrado,ECC integrado,ECC integrado,ECC на кристалле,ECC on-die,ECC tích hợp trên chip,On-die ECC,ECC On-die,تصحيح أخطاء ECC مدمج في الشريحة,On-die ECC,Wbudowane ECC,On-die ECC,Çip Üzeri ECC,On-die ECC
PCIe 3.0,PCIe 3.0,PCIe 3.0,PCIe 3.0,PCIe 3.0,PCIe 3.0,PCIe 3.0,PCIe 3.0,PCIe 3.0,PCIe 3.0,PCIe 3.0,PCIe 3.0,PCIe 3.0,PCIe 3.0,PCIe 3.0,PCIe 3.0,PCIe 3.0,PCIe 3.0,PCIe 3.0,PCIe 3.0,PCIe 3.0
PCIe 4.0,PCIe 4.0,PCIe 4.0,PCIe 4.0,PCIe 4.0,PCIe 4.0,PCIe 4.0,PCIe 4.0,PCIe 4.0,PCIe 4.0,PCIe 4.0,PCIe 4.0,PCIe 4.0,PCIe 4.0,PCIe 4.0,PCIe 4.0,PCIe 4.0,PCIe 4.0,PCIe 4.0,PCIe 4.0,PCIe 4.0
PCIe 5.0,PCIe 5.0,PCIe 5.0,PCIe 5.0,PCIe 5.0,PCIe 5.0,PCIe 5.0,PCIe 5.0,PCIe 5.0,PCIe 5.0,PCIe 5.0,PCIe 5.0,PCIe 5.0,PCIe 5.0,PCIe 5.0,PCIe 5.0,PCIe 5.0,PCIe 5.0,PCIe 5.0,PCIe 5.0,PCIe 5.0
PCIe Gen 4x4,PCIe Gen4x4,PCIe Gen4x4,PCIe Gen 4x4,PCIe Gen 4x4,PCIe Gen 4x4,PCIe Gen 4x4,PCIe Gen 4x4,PCIe Gen 4x4,PCIe Gen 4x4,PCIe Gen 4x4,PCIe Gen 4x4,PCIe Gen 4x4,PCIe Gen 4x4,PCIe Gen 4x4,PCIe Gen 4x4,PCIe Gen 4x4,PCIe Gen 4x4,PCIe Gen 4x4,PCIe Gen 4x4,PCIe Gen 4x4
PCIe Gen3x4,PCIe Gen3x4,PCIe Gen3x4,PCIe Gen3x4,PCIe Gen3x4,PCIe Gen3x4,PCIe Gen3x4,PCIe Gen3x4,PCIe Gen3x4,PCIe Gen3x4,PCIe Gen3x4,PCIe Gen3x4,PCIe Gen3x4,PCIe Gen3x4,PCIe Gen3x4,PCIe Gen3x4,PCIe Gen3x4,PCIe Gen3x4,PCIe Gen3x4,PCIe Gen3x4,PCIe Gen3x4
PCIe Gen5x4,PCIe Gen5x4,PCIe Gen5x4,PCIe Gen5x4,PCIe Gen5x4,PCIe Gen5x4,PCIe Gen5x4,PCIe Gen5x4,PCIe Gen5x4,PCIe Gen5x4,PCIe Gen5x4,PCIe Gen5x4,PCIe Gen5x4,PCIe Gen5x4,PCIe Gen5x4,PCIe Gen5x4,PCIe Gen5x4,PCIe Gen5x4,PCIe Gen5x4,PCIe Gen5x4,PCIe Gen5x4
Random Read/Write,随机读写,隨機讀寫,ランダム読み書き,랜덤 읽기/쓰기,Lecture/écriture aléatoires,Zufälliges Lesen/Schreiben,Lectura/escritura aleatorias,Leitura/escrita aleatória,Leitura/escrita aleatória,Случайное чтение/запись,Lettura/scrittura casuali,Đọc/ghi ngẫu nhiên,อ่าน/เขียนสุ่ม,Baca/Tulis Acak,قراءة و كتابة عشوائية,Willekeurig lezen/schrijven,Losowy odczyt/zapis,Slumpmässig läsning/skrivning,Rastgele Okuma/Yazma,Random Read/Write
Read Speed,读取速度,讀取速度,読み取り速度,읽기 속도,Vitesse de lecture,Lesegeschwindigkeit,Velocidad de lectura,Velocidade de leitura,Velocidade de leitura,Скорость чтения,Velocità di lettura,Tốc độ đọc,ความเร็วอ่าน,Kecepatan Baca,سرعة القراءة,Leessnelheid,Prędkość odczytu,Läshastighet,Okuma Hızı,Read Speed
Seamlessly compatible with Intel XMP 3.0 & AMD EXPO for one-click overclocking.,无缝兼容 Intel XMP 3.0 与 AMD EXPO，实现一键超频。,無縫相容 Intel XMP 3.0 與 AMD EXPO，實現一鍵超頻。,Intel XMP 3.0およびAMD EXPOとシームレスに互換し、ワンクリックでオーバークロック可能。,Intel XMP 3.0 및 AMD EXPO와 완벽하게 호환되어 원클릭 오버클러킹 지원.,Compatibilité transparente avec Intel XMP 3.0 et AMD EXPO pour un overclocking en un clic.,Nahtlos kompatibel mit Intel XMP 3.0 und AMD EXPO für Ein-Klick-Overclocking.,Totalmente compatible con Intel XMP 3.0 y AMD EXPO para realizar overclocking con un solo clic.,Totalmente compatível com Intel XMP 3.0 e AMD EXPO para overclock com um clique.,Totalmente compatível com Intel XMP 3.0 e AMD EXPO para overclock com um clique.,Полная совместимость с Intel XMP 3.0 и AMD EXPO для разгона в один клик.,Pienamente compatibile con Intel XMP 3.0 e AMD EXPO per l'overclock con un clic.,Tương thích hoàn hảo với Intel XMP 3.0 và AMD EXPO để ép xung chỉ bằng một cú nhấp chuột.,เข้ากันได้แบบไร้รอยต่อกับ Intel XMP 3.0 และ AMD EXPO เพื่อการโอเวอร์คล็อกด้วยคลิกเดียว,Kompatibel secara mulus dengan Intel XMP 3.0 & AMD EXPO untuk overclocking satu klik.,متوافق بسلاسة مع Intel XMP 3.0 و AMD EXPO لرفع تردد التشغيل بنقرة واحدة.,Naadloos compatibel met Intel XMP 3.0 en AMD EXPO voor overklokken met één klik.,Bezproblemowa kompatybilność z Intel XMP 3.0 i AMD EXPO umożliwiająca podkręcanie jednym kliknięciem.,Sömlöst kompatibel med Intel XMP 3.0 och AMD EXPO för överklockning med ett klick.,"Intel XMP 3.0 ve AMD EXPO ile tam uyumlu, tek tıkla hız aşırtma.",Seamlessly compatible with Intel XMP 3.0 & AMD EXPO for one-click overclocking.
SLC Cache,SLC缓存,SLC 快取,SLCキャッシュ,SLC 캐시,Cache SLC,SLC-Cache,Caché SLC,Cache SLC,Cache SLC,SLC-кэш,Cache SLC,Bộ nhớ đệm SLC,แคช SLC,Cache SLC,ذاكرة تخزين مؤقت SLC,SLC-cache,Pamięć podręczna SLC,SLC-cache,SLC Önbellek,SLC Cache
Speed Drop,掉速,掉速,速度低下,속도 저하,Chute de vitesse,Geschwindigkeitsabfall,Caída de velocidad,Queda de velocidade,Queda de velocidade,Падение скорости,Calo di velocità,Giảm tốc độ,ความเร็วตก,Penurunan kecepatan,انخفاض السرعة,Snelheidsdaling,Spadek prędkości,Hastighetsminskning,Hız Düşüşü,Speed Drop
Sustained Read/Write,持续读写,持續讀寫,持続読み書き,지속 읽기/쓰기,Lecture/écriture soutenues,Kontinuierliches Lesen/Schreiben,Lectura/escritura sostenidas,Leitura/escrita sustentada,Leitura/escrita sustentada,Постоянное чтение/запись,Lettura/scrittura sostenute,Đọc/ghi liên tục,อ่าน/เขียนต่อเนื่อง,Baca/Tulis Berkelanjutan,قراءة و كتابة مستمرة,Doorlopend lezen/schrijven,Ciągły odczyt/zapis,Löpande läsning/skrivning,Sürekli Okuma/Yazma,Sustained Read/Write
TBW,TBW（总写入量）,TBW（總寫入量）,TBW,TBW,TBW,TBW,TBW,TBW,TBW,TBW,TBW,TBW,TBW,TBW,TBW,TBW,TBW,TBW,TBW,TBW
TLC NAND,TLC NAND,TLC NAND,TLC NAND,TLC NAND,TLC NAND,TLC NAND,TLC NAND,TLC NAND,TLC NAND,TLC NAND,TLC NAND,TLC NAND,TLC NAND,TLC NAND,TLC NAND,TLC NAND,TLC NAND,TLC NAND,TLC NAND,TLC NAND
Type-C,Type-C,Type-C,Type-C,Type-C,Type-C,Type-C,Type-C,Tipo-C,Tipo-C,Type-C,Type-C,Type-C,Type-C,Type-C,Type-C,Type-C,Type-C,Type-C,Type-C,Type-C
UHS-II,UHS-II,UHS-II,UHS-II,UHS-II,UHS-II,UHS-II,UHS-II,UHS-II,UHS-II,UHS-II,UHS-II,UHS-II,UHS-II,UHS-II,UHS-II,UHS-II,UHS-II,UHS-II,UHS-II,UHS-II
Unleash Your Computer with Next-Gen DDR5,新一代 DDR5，释放电脑潜能,新一代 DDR5，釋放電腦潛能,次世代DDR5でPCの性能を最大限に引き出す,차세대 DDR5로 PC의 성능을 극대화하세요,Libérez la puissance de votre PC avec la DDR5 de nouvelle génération,Entfesseln Sie die volle Leistung Ihres PCs mit DDR5 der nächsten Generation,Desata el potencial de tu equipo con la DDR5 de nueva generación,Liberte o potencial do seu PC com a DDR5 de nova geração,Libere o potencial do seu PC com a DDR5 de nova geração,Раскройте мощь своего ПК с DDR5 нового поколения,Potenzia il tuo computer con la DDR5 di nuova generazione,Giải phóng sức mạnh máy tính với DDR5 thế hệ mới,ปลดพลังคอมพิวเตอร์ของคุณด้วย DDR5 เจนเนอเรชันถัดไป,Maksimalkan Performa Komputer Anda dengan DDR5 Generasi Berikutnya,أطلق العنان لقوة حاسوبك مع ذاكرة DDR5 من الجيل التالي,Bevrijd de kracht van uw pc met next-gen DDR5,Uwolnij moc swojego komputera dzięki pamięci DDR5 nowej generacji,Frigör din dators kraft med nästa generations DDR5,Yeni Nesil DDR5 ile Bilgisayarınızın Gücünü Serbest Bırakın,Unleash Your Computer with Next-Gen DDR5
USB 3.2,USB 3.2,USB 3.2,USB 3.2,USB 3.2,USB 3.2,USB 3.2,USB 3.2,USB 3.2,USB 3.2,USB 3.2,USB 3.2,USB 3.2,USB 3.2,USB 3.2,USB 3.2,USB 3.2,USB 3.2,USB 3.2,USB 3.2,USB 3.2
Wear Leveling,磨损均衡,磨損均衡,ウェアレベリング,웨어 레벨링,Nivellement d'usure,Wear-Leveling,Nivelación de desgaste,Nivelamento de desgaste,Nivelamento de desgaste,Выравнивание износа,Wear Leveling,Cân bằng mài mòn,การปรับระดับการสึกหรอ,Penyelarasan Keausan,تسوية التآكل,Slijtage egalisatie,Wyrównywanie zużycia,Slitageutjämning,Aşınma Dengeleme,Wear Leveling
Write Speed,写入速度,寫入速度,書き込み速度,쓰기 속도,Vitesse d'écriture,Schreibgeschwindigkeit,Velocidad de escritura,Velocidade de gravação,Velocidade de gravação,Скорость записи,Velocità di scrittura,Tốc độ ghi,ความเร็วเขียน,Kecepatan Tulis,سرعة الكتابة,Schrijfsnelheid,Prędkość zapisu,Skrivhastighet,Yazma Hızı,Write Speed
Backward Compatible,向下兼容,向下相容,下位互換,하위 호환,Rétrocompatible,Rückwärtskompatibel,Retrocompatible,Retrocompatível,Retrocompatível,Обратная совместимость,Retrocompatibile,Tương thích ngược,เข้ากันได้แบบย้อนกลับ,Kompatibel mundur,متوافق عكسي,Achterwaarts compatibel,Wstecznie kompatibel,Bakåtkompatibel,Geriye Dönük Uyumlu,Backward Compatible
Compact & Portable,小巧便携,輕巧便攜,コンパクトで持ち運びに便利,컴팩트하고 휴대성이 뛰어난,Compact et portable,Kompakt und portabel,Compacto y portátil,Compacto e portátil,Compacto e portátil,Компактный и портативный,Compatto e portatile,Nhỏ gọn và dễ mang theo,กะทัดรัดพกพาง่าย,Kompak dan Portabel,صغير ومحمول,Kompact en draagbaar,Kompaktowy i przenośny,Kompakt och bärbar,Küçük ve Taşınabilir,Compact & Portable
Drop proof,防摔,防摔,耐落下,내낙하,Résistant aux chutes,Sturzsicher,Resistente a caídas,Resistente a quedas,Resistente a quedas,Защита от падений,Resistente alle cadute,Chống rơi,ทนทานต่อการตกหล่น,Tahan Jatuh,تقاوم السقوط,Valbestendig,Odporność na upadki,Falltålig,Düşmeye Dayanıklı,Drop proof
Impact proof,防冲击,防衝擊,耐衝撃,내충격,Résistance aux chocs,Schlagfest,Resistente a impactos,Resistente a impactos,Resistente a impactos,Устойчивость к ударам,Resistente agli impatti,Chống va đập,ทนต่อแรงปะทะ,Tahan Benturan,تتحمل الارتطام,Stootvast,Odporność na uderzenia,Slagtålig,Darbeye Dayanıklı,Impact proof
IPx7 Water proof,IPX7 级防水,IPX7 級防水,IPX7防水,IPX7 등급 방수,Étanchéité IPX7,IPX7-wasserdicht,Resistente al agua con certificación IPX7,Resistente à água com certificação IPX7,Resistente à água com certificação IPX7,Водонепроницаемость IPX7,Impermeabile IPX7,Kháng nước IPX7,กันน้ำระดับ IPX7,Tahan Air IPX7,مقاومة للماء IPX7,IPX7 waterdicht,Wodoodporność IPx7,IPX7 vattentät,IPX7 Su Geçirmez,IPx7 Water proof
Magnet proof,防磁,防磁,耐磁,내자성,Antimagnétique,Magnetsicher,Protección antimagnética,Proteção antimagnética,Proteção antimagnética,Устойчивость к магнитным полям,Resistente ai campi magnetici,Chống từ trường,ทนทานต่อสนามแม่เหล็ก,Tahan Magnet,مقاومة المغناطيسية,Magneetbestendig,Odporność na magnesy,Magnetsäker,Mıknatısa Dayanıklı,Magnet proof
No dropped frames,拒绝掉帧,拒絕掉幀,コマ落ちなし,프레임 드롭 없음,Aucune perte d'images,Keine Frame-Drops,Sin pérdida de fotogramas,Sem perda de quadros,Sem perda de quadros,Без потери кадров,Nessuna perdita di frame,Không rớt frame,ไม่มีเฟรมหลุด,Tanpa penurunan frame,لا إطارات مفقودة,Geen frameverlies,Bez gubienia klatek,Inga tappade bildrutor,Kare kaybı yok,No dropped frames
No sudden speed drop,拒绝突然掉速,拒絕突然掉速,突然の速度低下なし,갑작스러운 속도 저하 없음,Aucune chute de vitesse soudaine,Kein plötzlicher Geschwindigkeitsabfall,Sin caídas repentinas de velocidad,Sem quedas repentinas de velocidade,Sem quedas repentinas de velocidade,Без внезапных падений скорости,Nessun calo improvviso di velocità,Không giảm tốc độ đột ngột,ไม่มีความเร็วตกกะทันหัน,Tanpa penurunan kecepatan mendadak,لا انخفاض مفاجئ في السرعة,Geen plotselinge snelheidsdaling,Bez nagłych spadków prędkości,Inga plötsliga hastighetstapp,Ani hız düşüşü yok,No sudden speed drop
Plug and Play,即插即用,隨插即用,プラグアンドプレイ,플러그 앤 플레이,Plug and Play,Plug-and-Play,Plug and Play,Plug and Play,Plug and Play,Plug and Play,Plug and Play,Cắm và chạy,เสียบแล้วใช้งานได้,Plug and Play,التوصيل والتشغيل الفوري,Plug-and-Play,Plug and Play,Plug and Play,Tak ve Çalıştır,Plug and Play
Rigorously Tested,历经严苛测试,歷經嚴苛測試,厳格なテスト済み,엄격한 테스트 완료,Testé rigoureusement,Streng getestet,Rigurosamente probado,Rigorosamente testado,Rigorosamente testado,Прошло строгие испытания,Rigorosamente testato,Được kiểm nghiệm nghiêm ngặt,ผ่านการทดสอบอย่างเข้มงวด,Teruji Secara Ketat,تم اختباره بدقة,Streng getest,Rygorystyczne testy,Strikt testad,Titizlikle Test Edildi,Rigorously Tested
Seamless Compatibility,无缝兼容,無縫相容,シームレスな互換性,완벽한 호환성,Compatibilité transparente,Nahtlose Kompatibilität,Compatibilidad perfecta,Compatibilidade perfeita,Compatibilidade perfeita,Полная совместимость,Compatibilità perfetta,Tương thích hoàn hảo,เข้ากันได้อย่างไร้รอยต่อ,Kompatibilitas Sempurna,توافق تام,Naadloze compatibiliteit,Bezproblemowa kompatybilność,Sömlös kompatibilitet,Kusursuz Uyumluluk,Seamless Compatibility
Shock & Drop Resistant,抗震防摔,抗震防摔,耐衝撃・耐落下,내충격 및 내낙하,Résistant aux chocs et aux chutes,Stoß- und sturzsicher,Resistente a golpes y caídas,Resistente a choques e quedas,Resistente a choques e quedas,Ударопрочный и защищенный от падений,Resistente a urti e cadute,Chống va đập và rơi,ทนต่อแรงกระแทกและการตกหล่น,Tahan guncangan dan jatuh,مضاد للصدمات والسقوط,Schok- en valbestendig,Odporność na wstrząsy i upadki,Stöt- och falltålig,Şok ve Düşmeye Dayanıklı,Shock & Drop Resistant
Shock proof,防震,防震,耐衝撃性,내충격,Antichocs,Stoßfest,Resistente a golpes,Resistente a choques,Resistente a choques,Ударопрочность,Antiurto,Chống sốc,ทนทานต่อแรงกระแทก,Tahan Guncangan,مضادة للصدمات,Schokbestendig,Odporność na wstrząsy,Stöttålig,Şoka Dayanıklı,Shock proof
Stable & Reliable,稳定可靠,穩定可靠,安定性と信頼性,안정적이고 신뢰할 수 있는,Stable et fiable,Stabil und zuverlässig,Estable y fiable,Estável e fiável,Estável e confiável,Стабильный и надежный,Stabile e affidabile,Ổn định và đáng tin cậy,เสถียรและเชื่อถือได้,Stabil dan Andal,مستقر وموثوق,Stabiel en betrouwbaar,Stabilny i niezawodny,Stabil och pålitlig,Kararlı ve Güvenilir,Stable & Reliable
Temperature proof,耐高低温,耐高低溫,耐熱・耐寒,고온 및 저온 내구성,Résistance à la température,Temperaturbeständig,Resistente a temperaturas extremas,Resistente a temperaturas extremas,Resistente a temperaturas extremas,Устойчивость к экстремальным температурам,Resistente a temperature estreme,Chịu được nhiệt độ khắc nghiệt,ทนทานต่ออุณหภูมิ,Tahan Suhu,مقاومة لدرجات الحرارة,Temperatuurbestendig,Odporność na skrajne temperatury,Temperaturtålig,Sıcaklığa Dayanıklı,Temperature proof
Temperature Resistant,耐高低温,耐高低溫,耐温度,내온도,Résistant aux températures,Hitze- und kältebeständig,Resistente a la temperatura,Resistente à temperatura,Resistente à temperatura,Термостойкость,Resistente alla temperatura,Chịu nhiệt,ทนต่ออุณหภูมิ,Tahan suhu,مقاوم لدرجات الحرارة,Temperatuurbestendig,Odporność na skrajne temperatury,Temperaturtålig,Sıcaklığa Dayanıklı,Temperature Resistant
Wear out proof,抗磨损,抗磨損,耐摩耗,내마모,Résistance à l'usure,Verschleißfest,Resistente al desgaste,Resistente ao desgaste,Resistente ao desgaste,Износостойкость,Resistente all'usura,Chống mài mòn,ทนต่อการสึกหรอ,Tahan Aus,مقاومة التآكل,Slijtvast,Odporność na zużycie,Slitagetålig,Aşınmaya Dayanıklı,Wear out proof
Wide Compatibility,广泛兼容,廣泛相容,幅広い互換性,폭넓은 호환성,Large compatibilité,Umfassende Kompatibilität,Amplia compatibilidad,Ampla compatibilidade,Ampla compatibilidade,Широкая совместимость,Ampia compatibilità,Tương thích rộng rãi,เข้ากันได้กับอุปกรณ์หลากหลาย,Kompatibilitas Luas,توافق واسع,Brede compatibiliteit,Szeroka kompatybilność,Bred kompatibilitet,Geniş Uyumluluk,Wide Compatibility
X-ray proof,防 X 射线,防 X 射線,耐X線,X선 차단,Résistant aux rayons X,Röntgensicher,Resistente a los rayos X,Resistente aos raios X,Resistente aos raios X,Устойчивость к рентгеновскому излучению,Resistente ai raggi X,Chống tia X,ทนต่อรังสีเอกซ์,Tahan Sinar-X,تقاوم الأشعة السينية,Röntgenbestendig,Odporność na promieniowanie rentgenowskie,Röntgensäker,X-Işınlarına Dayanıklı,X-ray proof
Capture the Diamond Moments,定格高光珍贵瞬间,捕捉璀璨瞬間,輝かしい瞬間を逃さず記録,눈부신 순간을 포착하세요,Capturez les moments d'exception,Halten Sie Ihre wertvollsten Momente fest,Captura los momentos más valiosos,Capture os momentos mais preciosos,Capture os momentos mais preciosos,Запечатлейте бесценные моменты,Cattura i momenti più preziosi,Ghi lại những khoảnh khắc tỏa sáng,เก็บทุกช่วงเวลาอันล้ำค่า,Abadikan Momen Berharga,التقط اللحظات الثمينة,Leg de meest kostbare momenten vast,Uchwyć najcenniejsze chwile,Fånga de mest värdefulla ögonblicken,En Değerli Anları Yakalayın,Capture the Diamond Moments
End Storage Anxiety,告别容量焦虑,告別容量焦慮,容量不足の不安を解消,저장공간 걱정 해소,Dites adieu aux soucis de stockage,Schluss mit Speicherplatzsorgen,Di adiós a las preocupaciones por el espacio de almacenamiento,Diga adeus às preocupações com o armazenamento,Diga adeus às preocupações com espaço de armazenamento,Забудьте о нехватке места,Dì addio alle preoccupazioni di spazio,Xóa tan nỗi lo thiếu dung lượng,ไม่ต้องกังวลเรื่องพื้นที่จัดเก็บ,Hilangkan Kecemasan Penyimpanan,تخلص من قلق التخزين,Geen opslagzorgen meer,Koniec obaw o pamięć,Sluta oroa dig för lagringsutrymme,Depolama Kaygısına Son,End Storage Anxiety
Full Game Library Storage,装下全量游戏库,裝下全量遊戲庫,ゲームライブラリを丸ごと保存,전체 게임 라이브러리 저장,Stockez toute votre bibliothèque de jeux,Platz für Ihre gesamte Spielebibliothek,Almacena toda tu biblioteca de juegos,Armazene toda a sua biblioteca de jogos,Armazene toda a sua biblioteca de jogos,Храните всю игровую библиотеку,Archivia tutta la tua libreria di giochi,Lưu trữ toàn bộ thư viện game,เก็บคลังเกมทั้งหมดได้,Simpan Seluruh Perpustakaan Game,خزن كامل مكتبة الألعاب الخاصة بك,Bewaar je hele gamebibliotheek,Pomieść całą bibliotekę gier,Spara hela din spelbibliotek,Tüm Oyun Kütüphanizi Saklayın,Full Game Library Storage
"Play Hard, Work Hard",畅快娱乐，高效办公,暢快娛樂，高效辦公,仕事も遊びも全力で,업무와 게임 모두 완벽하게,"Jouez sans limites, travaillez sans relâche","Leidenschaftlich spielen, effizient arbeiten","Juega sin límites, trabaja con eficiencia","Jogue sem limites, trabalhe com eficiência","Jogue sem limites, trabalhe com eficiência","Играйте по-настоящему, работайте с полной отдачей","Gioca al massimo, lavora con efficienza","Chơi hết mình, làm việc hiệu quả",เล่นให้เต็มที่ ทำงานให้เต็มที่,"Main Maksimal, Kerja Maksimal","العب بجدية، واعمل بجدية","Speel hard, werk hard",Graj i pracuj na pełnych obrotach,"Spela hårt, jobba hårt","Sıkı Oyna, Sıkı Çalış","Play Hard, Work Hard"
Power Up Your Play,畅玩火力全开,暢玩火力全開,プレイをパワーアップ,플레이에 힘을 더하다,Boostez votre expérience de jeu,Boosten Sie Ihr Gameplay,Potencia tu juego,Potencialize a sua jogabilidade,Potencialize sua jogabilidade,Прокачайте свой игровой процесс,Potenzia il tuo gioco,Tăng tốc trải nghiệm chơi game,เพิ่มพลังให้กับการเล่นเกม,Tingkatkan Performa Bermain Anda,عزز قوة ألعابك,Geef uw game-ervaring een boost,Podkręć swoją rozgrywkę,Boosta ditt spelande,Oyununuza Güç Katın,Power Up Your Play
Professional Grade Performance,专业影像级性能,專業影像級效能,プロフェッショナル映像クラスの性能,전문가급 영상 성능,Performances de qualité professionnelle,Professionelle Leistung,Rendimiento de grado profesional,Desempenho de nível profissional,Desempenho de nível profissional,Производительность профессионального уровня,Prestazioni di livello professionale,Hiệu năng cấp chuyên nghiệp,ประสิทธิภาพระดับมืออาชีพ,Performa Tingkat Profesional,أداء احترافي,Professioneel prestatieniveau,Wydajność profesjonalna,Professionell prestanda,Profesyonel Sınıf Performans,Professional Grade Performance
"Seamless Play, Ultimate Gaming",无缝畅玩，极致游戏体验,無縫暢玩，終極遊戲體驗,シームレスなプレイ、究極のゲーミング体験,"끊김 없는 플레이, 궁극의 게이밍","Jeu fluide, expérience gaming ultime","Flüssiges Gameplay, ultimatives Gaming","Juego fluido, experiencia gaming definitiva","Jogabilidade fluida, a experiência gaming definitiva","Jogabilidade fluida, a experiência gamer definitiva","Плавный геймплей, абсолютный игровой опыт","Gioco fluido, esperienza di gaming definitiva","Chơi game mượt mà, trải nghiệm đỉnh cao",เล่นลื่นไหล ประสบการณ์เกมมิ่งขั้นสุด,"Bermain Tanpa Hambatan, Pengalaman Gaming Terbaik","لعب سلس، تجربة ألعاب مطلقة","Naadloos spelen, ultieme game-ervaring","Płynna rozgrywka, najwyższy poziom gamingu","Sömlöst spelande, ultimat gaming","Kesintisiz Oynanış, Üst Düzey Oyun Deneyimi","Seamless Play, Ultimate Gaming"
Smooth 4K Video Recording,4K视频流畅录制,4K 影片流暢錄製,4K動画をスムーズに録画,4K 영상 매끄러운 녹화,Enregistrement vidéo 4K fluide,Flüssige 4K-Videoaufnahmen,Grabación de video 4K fluida,Gravação de vídeo 4K fluida,Gravação de vídeo 4K suave,Плавная запись видео 4K,Registrazione video 4K fluida,Quay video 4K mượt mà,บันทึกวิดีโอ 4K อย่างราบรื่น,Rekaman Video 4K Lancar,تسجيل فيديو 4K سلس,Soepele 4K-video-opname,Płynne nagrywanie wideo 4K,Jämn 4K-videoinspelning,4K Video Kaydını Akıcı Hale Getirin,Smooth 4K Video Recording
"Steel-Armored, Unstoppable Performance",钢甲护体，性能无阻,鋼鐵裝甲，效能勢不可擋,鋼鉄の装甲を纏った、圧倒的なパフォーマンス,강철처럼 견고한 압도적 성능,"Blindage en acier, performances imparables","Mit Stahl gepanzert, unaufhaltsame Performance","Blindado en acero, rendimiento imparable","Blindado em aço, desempenho imparável","Blindado em aço, desempenho imparável","Стальная броня, неудержимая производительность","Corazzatura in acciaio, prestazioni inarrestabili","Bọc thép, hiệu năng không thể cản phá",เกราะเหล็กกล้า ประสิทธิภาพที่หยุดไม่อยู่,"Berbalut Baja, Performa Tak Terhentikan",أداء لا يُوقف بدرع فولاذي,"Staalgepantserd, niet te stoppen prestaties",Stalowy pancerz i niepowstrzymana wydajność,"Stålklädd, ohejdbar prestanda","Çelik Zırhlı, Durdurulamaz Performans","Steel-Armored, Unstoppable Performance"
Unleash Your Full Potential in Work and Play,释放工作与娱乐的无限潜能,釋放工作與娛樂的無限潛能,仕事も遊びも、あなたの可能性を最大限に引き出す,업무와 게임에서 당신의 잠재력을 최대한 발휘하세요,Libérez tout votre potentiel au travail comme dans les loisirs,Entfesseln Sie Ihr volles Potenzial bei Arbeit und Freizeit,Libera todo tu potencial en el trabajo y el ocio,Liberte todo o seu potencial no trabalho e no lazer,Libere todo o seu potencial no trabalho e no lazer,Раскройте свой полный потенциал в работе и играх,Sprigiona tutto il tuo potenziale nel lavoro e nel gioco,Giải phóng toàn bộ tiềm năng trong công việc và giải trí,ปลดปล่อยศักยภาพสูงสุดของคุณทั้งในการทำงานและการเล่นเกม,Lepaskan Potensi Penuh Anda dalam Bekerja dan Bermain,أطلق العنان لإمكانياتك الكاملة في العمل واللعب,Ontgrendel uw volledige potentieel op het werk en tijdens het gamen,Uwolnij swój pełny potencjał w pracy i rozrywce,Frigör din fulla potential i arbete och spel,İş ve Oyunda Tüm Potansiyelinizi Ortaya Çıkarın,Unleash Your Full Potential in Work and Play
Unlock Device Potential,释放设备潜能,釋放裝置潛能,デバイスのポテンシャルを解き放つ,기기의 잠재력을 해방하다,Libérez le potentiel de votre appareil,Entfesseln Sie das volle Potenzial Ihres Geräts,Libera todo el potencial de tu dispositivo,Liberte o potencial do seu dispositivo,Libere o potencial do seu dispositivo,Раскройте потенциал вашего устройства,Sblocca il potenziale del tuo dispositivo,Giải phóng tiềm năng thiết bị,ปลดปล่อยศักยภาพอุปกรณ์,Buka Potensi Perangkat Penuh,أطلق العنان لإمكانيات جهازك,Haal het maximale uit je apparaat,Uwolnij potencjał urządzenia,Frigör din enhets potential,Cihazınızın Potansiyelini Ortaya Çıkarın,Unlock Device Potential
Unmatched Performance,无与伦比的性能,無與倫比的效能,比類なきパフォーマンス,타의 추종을 불허하는 성능,Performances inégalées,Unübertroffene Leistung,Rendimiento inigualable,Desempenho inigualável,Desempenho inigualável,Непревзойденная производительность,Prestazioni impareggiabili,Hiệu năng vô song,ประสิทธิภาพที่ไม่มีใครเทียบได้,Performa Tak Tertandingi,أداء لا يُضاهى,Ongeëvenaarde prestaties,Niezrównana wydajność,Oöverträffad prestanda,Eşsiz Performans,Unmatched Performance
Zero Lag Game Loading,游戏加载零卡顿,遊戲載入零延遲,ゲーム読み込みゼロ遅延,게임 로딩 지연 없음,Chargement des jeux sans latence,Verzögerungsfreies Laden von Spielen,Carga de juegos sin retrasos,Carregamento de jogos sem atraso,Carregamento de jogos sem atraso,Загрузка игр без задержек,Caricamento dei giochi senza lag,Tải game không giật lag,โหลดเกมไม่มีการค้าง,Memuat Game Tanpa Lag,تحميل ألعاب بدون تأخر,Game laden zonder vertraging,Ładowanie gier bez opóźnień,Laddning av spel utan fördröjning,Oyun Yüklemede Gecikme Yok,Zero Lag Game Loading
Action Cam,运动相机,運動相機,アクションカメラ,액션캠,Caméra d'action,Actionkamera,Cámara de acción,Câmara de ação,Câmera de ação,Экшен-камеры,Action cam,Camera hành động,กล้องแอคชั่น,Kamera Aksi,كاميرا رياضية,Actioncamera,Kamera sportowa,Actionkameror,Aksiyon Kameraları,Action Cam
Card Reader,读卡器,讀卡機,カードリーダー,카드 리더,Lecteur de cartes,Kartenleser,Lector de tarjetas,Leitor de cartões,Leitor de cartões,Картридер,Lettore di schede,Đầu đọc thẻ,การ์ดรีดเดอร์,Card Reader,قارئ بطاقات,Kaartlezer,Czytnik kart,Kortläsare,Kart Okuyucu,Card Reader
Desktop Backup Dock,桌面备份坞,桌面備份擴充座,デスクトップ用バックアップドック,데스크톱 백업 독,Station de sauvegarde de bureau,Desktop-Backup-Station,Dock de sobremesa para copias de seguridad,Dock de backup para desktop,Dock de backup para desktop,Док-станция для резервного копирования,Dock di backup per desktop,Dock sao lưu máy tính để bàn,ด็อกสำรองข้อมูลเดสก์ท็อป,Dock Cadangan Desktop,محطة نسخ احتياطي سطح المكتب,Desktop-back-updock,Stacja dokująca do kopii zapasowych,Dockningsstation för skrivbordsbackup,Desktop Yedekleme İstasyonu,Desktop Backup Dock
Desktop Memory,台式机内存,桌上型電腦記憶體,デスクトップPC用メモリ,데스크톱 메모리,Mémoire pour PC de bureau,Arbeitsspeicher für Desktop-PCs,Memoria para PC de sobremesa,Memória para desktop,Memória para desktop,Оперативная память для ПК,Memoria per PC desktop,Bộ nhớ máy tính để bàn,หน่วยความจำเดสก์ท็อป,Memori Desktop,ذاكرة سطح المكتب,Desktopgeheugen,Pamięć do komputera stacjonarnego,Stationärt minne,Masaüstü Belleği,Desktop Memory
Drones,无人机,空拍機,ドローン,드론,Drones,Drohnen,Drones,Drones,Drones,Дроны,Droni,Flycam,โดรน,Drone,الطائرات دون طيار,Drones,Drony,Drönare,Dronlar,Drones
Handheld Console Memory Card,掌机拓展存储卡,掌機擴充記憶卡,携帯ゲーム機用メモリカード,휴대용 게임기용 메모리 카드,Carte mémoire pour console portable,Speicherkarten für Handheld-Konsolen,Tarjeta de memoria para consola portátil,Cartão de memória para consola portátil,Cartão de memória para console portátil,Карта памяти для портативных консолей,Scheda di memoria per console portatile,Thẻ nhớ cho máy chơi game cầm tay,เมมโมรี่การ์ดสำหรับเครื่องเกมพกพา,Kartu Memori untuk Konsol Genggam,بطاقة ذاكرة لأجهزة الألعاب المحمولة,Geheugenkaart voor draagbare spelcomputers,Karta pamięci do przenośnych konsol,Minneskort för bärbara spelkonsoler,Hafıza Kartı için Taşınabilir Oyun Konsolları,Handheld Console Memory Card
Handheld Consoles,掌上游戏机,掌上遊戲機,携帯ゲーム機,휴대용 게임기,Consoles portables,Handheld-Konsolen,Consolas portátiles,Consolas portáteis,Consoles portáteis,Портативные игровые консоли,Console portatili,Máy chơi game cầm tay,เครื่องเกมพกพา,Konsol Genggam,أجهزة الألعاب المحمولة,Draagbare spelcomputers,Przenośne konsole,Bärbara spelkonsoler,Taşınabilir Oyun Konsolları,Handheld Consoles
Key Ring Loop,钥匙扣环,鑰匙圈環,キーホルダーループ,키링 루프,Attache porte-clés,Öse für Schlüsselbund,Anilla para llavero,Alça para chaveiro,Alça para chaveiro,Петля для брелока,Anello per portachiavi,Vòng treo chìa khóa,ห่วงพวงกุญแจ,Lubang Gantungan Kunci,حلقة تعليق المفاتيح,Lus voor sleutelhanger,Uchwyt na breloczek,Nyckelringsögla,Anahtarlık Halkası,Key Ring Loop
Laptop Memory,笔记本内存,筆記型電腦記憶體,ノートPC用メモリ,노트북 메모리,Mémoire pour ordinateur portable,Arbeitsspeicher für Laptops,Memoria para portátil,Memória para portátil,Memória para notebook,Оперативная память для ноутбука,Memoria per laptop,Bộ nhớ máy tính xách tay,หน่วยความจำโน้ตบุ๊ก,Memori Laptop,ذاكرة الكمبيوتر المحمولة,Laptopgeheugen,Pamięć do laptopa,Bärbart minne,Dizüstü Belleği,Laptop Memory
microSD Memory Card,microSD存储卡,microSD 記憶卡,microSDカード,microSD 카드,Carte microSD,microSD-Speicherkarte,Tarjeta microSD,Cartão microSD,Cartão microSD,Карта памяти microSD,Scheda microSD,Thẻ microSD,เมมโมรี่การ์ด microSD,Kartu Memori microSD,بطاقة ذاكرة microSD,microSD Geheugenkaart,Karta pamięci microSD,microSD Minneskort,microSD Hafıza Kartı,microSD Memory Card
Portable SSD,移动固态硬盘,行動固態硬碟,ポータブルSSD,휴대용 SSD,SSD portable,Portable SSD,SSD portátil,SSD Portátil,SSD Portátil,Портативный SSD,SSD portatile,SSD di động,SSD แบบพกพา,SSD Portabel,SSD محمول,Draagbare SSD,Przenośny dysk SSD,Portabel SSD,Taşınabilir SSD,Portable SSD
SD Memory Card,SD存储卡,SD 記憶卡,SDカード,SD 카드,Carte SD,SD-Speicherkarte,Tarjeta SD,Cartão SD,Cartão SD,Карта памяти SD,Scheda SD,Thẻ SD,เมมโมรี่การ์ด SD,Kartu Memori SD,بطاقة ذاكرة SD,SD Geheugenkaart,Karta pamięci SD,SD Minneskort,SD Hafıza Kartı,SD Memory Card
Solid State Flash Drive,固态U盘,固態隨身碟,高速USBメモリ,SSD USB 메모리,Clé USB SSD,Solid-State-USB-Stick,Memoria USB SSD,Pen drive SSD,Pen Drive SSD,SSD USB-флешка,Chiavetta USB SSD,USB SSD,แฟลชไดร์ฟ SSD,Flashdisk SSD,محرك فلاش SSD,SSD USB-stick,Pendrive SSD,SSD USB-minne,SSD USB Belleği,Solid State Flash Drive
SSD Enclosure,硬盘盒,SSD 外接盒,SSDケース,SSD 케이스,Boîtier SSD,SSD-Gehäuse,Carcasa para SSD,Caixa para SSD,Case para SSD,Корпус для SSD,Case per SSD,Vỏ đựng SSD,กล่องใส่ SSD,Casing SSD,علبة SSD,SSD-behuizing,Obudowa na dysk SSD,SSD-kabinett,SSD Kutusu,SSD Enclosure
Tablets,平板电脑,平板電腦,タブレット,태블릿,Tablettes,Tablets,Tablets,Tablets,Tablets,Планшеты,Tablet,Máy tính bảng,แท็บเล็ต,Tablet,التابلت,Tablets,Tablety,Surfplattor,Tabletler,Tablets
USB Flash Drive,U盘,USB 隨身碟,USBメモリ,USB 메모리,Clé USB,USB-Stick,Memoria USB,Pen drive,Pen Drive,USB-флешка,Chiavetta USB,USB Flash,แฟลชไดร์ฟ,Flashdisk,محرك فلاش USB,USB-stick,Pendrive,USB-minne,USB Belleği,USB Flash Drive
USB Hub,扩展坞,USB 集線器,USBハブ,USB 허브,Hub USB,USB-Hub,Hub USB,Hub USB,Hub USB,USB-хаб,Hub USB,Hub USB,ฮับ USB,USB Hub,موزع USB,USB-hub,Hub USB,USB-hubb,USB Hub,USB Hub
ARES Memory Series,ARES 战神系列内存,ARES 戰神系列記憶體,ARES メモリシリーズ,ARES 메모리 시리즈,Série mémoire ARES,ARES-Speicherserie,Serie de memoria ARES,Série de memória ARES,Série de memória ARES,Серия памяти ARES,Serie di memoria ARES,Dòng bộ nhớ ARES,ซีรีส์หน่วยความจำ ARES,Seri Memori ARES,سلسلة ذاكرة ARES,ARES geheugenserie,Seria pamięci ARES,ARES minnesserie,ARES Bellek Serisi,ARES Memory Series
THOR DDR5 RGB,THOR DDR5 RGB,THOR DDR5 RGB,THOR DDR5 RGB,THOR DDR5 RGB,THOR DDR5 RGB,THOR DDR5 RGB,THOR DDR5 RGB,THOR DDR5 RGB,THOR DDR5 RGB,THOR DDR5 RGB,THOR DDR5 RGB,THOR DDR5 RGB,THOR DDR5 RGB,THOR DDR5 RGB,THOR DDR5 RGB,THOR DDR5 RGB,THOR DDR5 RGB,THOR DDR5 RGB,THOR DDR5 RGB,THOR DDR5 RGB
THOR Memory Series,THOR 雷神系列内存,THOR 雷神系列記憶體,THOR メモリシリーズ,THOR 메모리 시리즈,Série mémoire THOR,THOR-Speicherserie,Serie de memoria THOR,Série de memória THOR,Série de memória THOR,Серия памяти THOR,Serie di memoria THOR,Dòng bộ nhớ THOR,ซีรีส์หน่วยความจำ THOR,Seri Memori THOR,سلسلة ذاكرة THOR,THOR geheugenserie,Seria pamięci THOR,THOR minnesserie,THOR Bellek Serisi,THOR Memory Series
Auto-Backup with the Lexar App,通过 Lexar App 自动备份,透過 Lexar App 自動備份,Lexarアプリで自動バックアップ,Lexar 앱으로 자동 백업,Sauvegarde automatique avec l'application Lexar,Automatisches Backup mit der Lexar App,Copia de seguridad automática con la aplicación Lexar,Backup automático com a aplicação Lexar,Backup automático com o aplicativo Lexar,Автоматическое резервное копирование в приложении Lexar,Backup automatico con l'App Lexar,Tự động sao lưu với Ứng dụng Lexar,สำรองข้อมูลอัตโนมัติด้วยแอป Lexar,Pencadangan Otomatis dengan Aplikasi Lexar,نسخ احتياطي تلقائي باستخدام تطبيق Lexar,Automatische back-up met de Lexar-app,Automatyczna kopia zapasowa w aplikacji Lexar,Automatisk säkerhetskopiering med Lexar-appen,Lexar Uygulaması ile Otomatik Yedekleme,Auto-Backup with the Lexar App
Lexar App,Lexar App,Lexar App,Lexar App,Lexar App,Application Lexar,Lexar App,Aplicación Lexar,Aplicação Lexar,Aplicativo Lexar,Приложение Lexar,App Lexar,Ứng dụng Lexar,แอป Lexar,Aplikasi Lexar,تطبيق Lexar,Lexar-app,Aplikacja Lexar,Lexar-appen,Lexar Uygulaması,Lexar App
Lexar DataShield,Lexar DataShield,Lexar DataShield,Lexar DataShield,Lexar DataShield,Lexar DataShield,Lexar DataShield,Lexar DataShield,Lexar DataShield,Lexar DataShield,Lexar DataShield,Lexar DataShield,Lexar DataShield,Lexar DataShield,Lexar DataShield,Lexar DataShield,Lexar DataShield,Lexar DataShield,Lexar DataShield,Lexar DataShield,Lexar DataShield
Lexar DiskMaster,Lexar DiskMaster,Lexar DiskMaster,Lexar DiskMaster,Lexar DiskMaster,Lexar DiskMaster,Lexar DiskMaster,Lexar DiskMaster,Lexar DiskMaster,Lexar DiskMaster,Lexar DiskMaster,Lexar DiskMaster,Lexar DiskMaster,Lexar DiskMaster,Lexar DiskMaster,Lexar DiskMaster,Lexar DiskMaster,Lexar DiskMaster,Lexar DiskMaster,Lexar DiskMaster,Lexar DiskMaster
Lexar logo,Lexar 标识,Lexar 標誌,Lexarロゴ,Lexar 로고,Logo Lexar,Lexar-Logo,Logotipo de Lexar,Logótipo Lexar,Logotipo Lexar,Логотип Lexar,Logo Lexar,Logo Lexar,โลโก้ Lexar,Logo Lexar,شعار Lexar,Lexar-logo,Logo Lexar,Lexar-logotyp,Lexar logosu,Lexar logo
Lexar product designs,Lexar 产品设计,Lexar 產品設計,Lexar製品デザイン,Lexar 제품 디자인,Design des produits Lexar,Lexar-Produktdesigns,Diseños de productos Lexar,Designs de produtos Lexar,Designs de produtos Lexar,Дизайн продуктов Lexar,Design dei prodotti Lexar,Thiết kế sản phẩm Lexar,การออกแบบผลิตภัณฑ์ Lexar,Desain produk Lexar,تصاميم منتجات Lexar,Lexar productontwerpen,Projekty produktów Lexar,Lexars produktdesign,Lexar ürün tasarımları,Lexar product designs
Lexar products,Lexar 产品,Lexar 產品,Lexar製品,Lexar 제품,Produits Lexar,Lexar-Produkte,Productos Lexar,Produtos Lexar,Produtos Lexar,Продукты Lexar,Prodotti Lexar,Sản phẩm Lexar,ผลิตภัณฑ์ Lexar,Produk Lexar,منتجات Lexar,Lexar-producten,Produkty Lexar,Lexar-produkter,Lexar ürünleri,Lexar products
Lexar Quality Labs,雷克沙品质实验室,Lexar 品質實驗室,Lexar品質ラボ,Lexar 품질 연구소,Laboratoires Qualité Lexar,Lexar-Qualitätslabore,Laboratorios de calidad Lexar,Laboratórios de Qualidade Lexar,Laboratórios de Qualidade Lexar,Лаборатории качества Lexar,Laboratori Qualità Lexar,Phòng thí nghiệm Chất lượng Lexar,Lexar Quality Labs,Lab Kualitas Lexar,مختبرات جودة Lexar,Lexar-kwaliteitslabs,Laboratoria Jakości Lexar,Lexars kvalitetslabb,Lexar Kalite Laboratuvarları,Lexar Quality Labs
Lexar Recovery Tool,Lexar Recovery Tool,Lexar Recovery Tool,Lexar Recovery Tool,Lexar Recovery Tool,Lexar Recovery Tool,Lexar Recovery Tool,Lexar Recovery Tool,Lexar Recovery Tool,Lexar Recovery Tool,Lexar Recovery Tool,Lexar Recovery Tool,Lexar Recovery Tool,Lexar Recovery Tool,Lexar Recovery Tool,Lexar Recovery Tool,Lexar Recovery Tool,Lexar Recovery Tool,Lexar Recovery Tool,Lexar Recovery Tool,Lexar Recovery Tool
Lexar RGB Sync,Lexar RGB Sync,Lexar RGB Sync,Lexar RGB Sync,Lexar RGB Sync,Lexar RGB Sync,Lexar RGB Sync,Lexar RGB Sync,Lexar RGB Sync,Lexar RGB Sync,Lexar RGB Sync,Lexar RGB Sync,Lexar RGB Sync,Lexar RGB Sync,Lexar RGB Sync,Lexar RGB Sync,Lexar RGB Sync,Lexar RGB Sync,Lexar RGB Sync,Lexar RGB Sync,Lexar RGB Sync
Lexar SSD Dash,Lexar SSD Dash,Lexar SSD Dash,Lexar SSD Dash,Lexar SSD Dash,Lexar SSD Dash,Lexar SSD Dash,Lexar SSD Dash,Lexar SSD Dash,Lexar SSD Dash,Lexar SSD Dash,Lexar SSD Dash,Lexar SSD Dash,Lexar SSD Dash,Lexar SSD Dash,Lexar SSD Dash,Lexar SSD Dash,Lexar SSD Dash,Lexar SSD Dash,Lexar SSD Dash,Lexar SSD Dash
Longsys,Longsys 江波龙,Longsys 江波龍,Longsys,Longsys,Longsys,Longsys,Longsys,Longsys,Longsys,Longsys,Longsys,Longsys,Longsys,Longsys,Longsys,Longsys,Longsys,Longsys,Longsys,Longsys
Protect Your Files with Lexar DataShield,使用 Lexar DataShield 保护您的文件,使用 Lexar DataShield 保護您的檔案,Lexar DataShieldで重要なファイルを保護,Lexar DataShield로 중요한 파일을 안전하게 보호하세요,Protégez vos fichiers avec Lexar DataShield,Schützen Sie Ihre Dateien mit Lexar DataShield,Protege tus archivos con Lexar DataShield,Proteja os seus ficheiros com o Lexar DataShield,Proteja seus arquivos com o Lexar DataShield,Защитите свои файлы с помощью Lexar DataShield,Proteggi i tuoi file con Lexar DataShield,Bảo vệ tệp tin của bạn với Lexar DataShield,ปกป้องไฟล์ของคุณด้วย Lexar DataShield,Lindungi File Anda dengan Lexar DataShield,احمِ ملفاتك مع Lexar DataShield,Bescherm uw bestanden met Lexar DataShield,Chroń swoje pliki za pomocą Lexar DataShield,Skydda dina filer med Lexar DataShield,Dosyalarınızı Lexar DataShield ile Koruyun,Protect Your Files with Lexar DataShield
1GB = 1 billion bytes; actual system capacity may differ,1GB = 10 亿字节，实际系统容量可能略有差异,1GB = 10 億位元組，實際系統容量可能略有差異,1GB = 10億バイト。表示容量と実際のシステム認識容量には差異が生じる場合があります,"1GB = 10억 바이트이며, 실제 시스템에서 인식되는 용량은 차이가 있을 수 있습니다",1 Go = 1 milliard d'octets ; la capacité réelle du système peut varier,1 GB = 1 Milliarde Bytes; die tatsächliche Systemkapazität kann abweichen,1 GB = 1 mil millones de bytes; la capacidad real reconocida por el sistema puede diferir,1 GB = 1 mil milhões de bytes; a capacidade real reconhecida pelo sistema pode diferir,1 GB = 1 bilhão de bytes; a capacidade real reconhecida pelo sistema pode diferir,1 ГБ = 1 миллиард байт; фактическая емкость в системе может отличаться,1 GB = 1 miliardo di byte; la capacità effettiva rilevata dal sistema può differire,1GB = 1 tỷ byte; dung lượng thực tế của hệ thống có thể khác nhau,1GB = 1 พันล้านไบต์ ความจุที่ใช้งานได้จริงอาจแตกต่างกันเล็กน้อย,1GB = 1 miliar byte; kapasitas penyimpanan yang sebenarnya mungkin sedikit berbeda,1 جيجابايت = 1 مليار بايت؛ قد تختلف سعة التخزين الفعلية قليلاً,1 GB = 1 miljard bytes; de werkelijke opslagcapaciteit kan iets afwijken,1 GB = 1 miliard bajtów; rzeczywista pojemność pamięci może się nieznacznie różnić,1 GB = 1 miljard byte; den faktiska lagringskapaciteten kan variera något,1 GB = 1 milyar bayt; gerçek depolama kapasitesi biraz farklılık gösterebilir,1 GB = 1 milyar bayt; sistem tarafından tanınan kapasite farklılık gösterebilir
Limited Lifetime Warranty,有限终身质保,有限終身保固,限定ライフタイム保証,제한적 평생 보증,Garantie limitée à vie,Eingeschränkte lebenslange Garantie,Garantía limitada de por vida,Garantia limitada vitalícia,Garantia limitada vitalícia,Ограниченная пожизненная гарантия,Garanzia limitata a vita,Bảo hành hạn chế trọn đời,รับประกันแบบจำกัดตลอดอายุการใช้งาน,Garansi Terbatas Seumur Hidup,ضمان محدود مدى الحياة,Beperkte levenslange garantie,Ograniczona dożywotnia gwarancja,Begränsad livstidsgaranti,Sınırlı Ömür Boyu Garanti,Limited Lifetime Warranty
Limited warranty for non-artificial damage,非人为损坏享受有限质保,非人為損壞享有有限保固,お客様の過失による破損を除き、限定保証が適用されます,사용자 과실로 인한 손상을 제외한 부분에 대해 제한 보증이 적용됩니다,Garantie limitée couvrant les dommages non imputables à l'utilisateur,Eingeschränkte Garantie bei nicht selbst verschuldeten Schäden,Garantía limitada para daños no causados por el usuario,Garantia limitada para danos não causados pelo utilizador,Garantia limitada para danos não causados pelo usuário,Ограниченная гарантия на дефекты не по вине пользователя,Garanzia limitata per danni non causati dall'utente,Được bảo hành hạn chế đối với hư hỏng không do lỗi người dùng,ครอบคลุมความเสียหายที่ไม่ได้เกิดจากความประมาทของผู้ใช้,Garansi terbatas berlaku untuk kerusakan yang bukan disebabkan oleh kelalaian pengguna,يسري الضمان المحدود على الأضرار غير الناتجة عن سوء استخدام المستخدم,Beperkte garantie geldt voor schade die niet is veroorzaakt door verkeerd gebruik door de gebruiker,Ograniczona gwarancja obejmuje uszkodzenia niewynikające z winy użytkownika,Begränsad garanti gäller för skador som inte orsakats av vårdslöshet från användarens sida,"Sınırlı garanti, kullanıcı hatasından kaynaklanmayan hasarları kapsar",Limited warranty for non-artificial damage
Please back up important data properly,请妥善备份重要数据,請妥善備份重要資料,重要なデータは、定期的に適切なバックアップを取っていただくことをお勧めします,중요한 데이터는 정기적으로 백업해 주시기 바랍니다,Pensez à sauvegarder régulièrement vos données importantes,Bitte sichern Sie wichtige Daten regelmäßig und ordnungsgemäß,Asegúrate de realizar copias de seguridad adecuadas de tus datos importantes,Certifique-se de fazer cópias de segurança adequadas dos seus dados importantes,Certifique-se de fazer backups adequados dos seus dados importantes,"Пожалуйста, регулярно делайте резервные копии важных данных",Assicurati di eseguire regolarmente il backup dei tuoi dati importanti,Vui lòng sao lưu dữ liệu quan trọng thường xuyên,โปรดสำรองข้อมูลสำคัญของคุณอย่างสม่ำเสมอ,Harap lakukan pencadangan data penting Anda secara berkala,يُرجى الحرص على النسخ الاحتياطي لبياناتك المهمة بانتظام,Maak regelmatig een back-up van uw belangrijke gegevens,Pamiętaj o regularnym tworzeniu kopii zapasowych ważnych danych,Se till att säkerhetskopiera din viktiga data regelbundet,Lütfen önemli verilerinizi düzenli olarak yedeklemeyi unutmayın,Säkerhetskopiera viktiga data regelbundet
Product images are for reference only,产品图片仅供参考，请以实物为准,產品圖片僅供參考，請以實物為準,製品画像はイメージです。実物と多少異なる場合があります,"제품 이미지는 참고용이며, 실제 제품과 다소 차이가 있을 수 있습니다",Les images du produit sont fournies à titre indicatif uniquement,Produktbilder dienen nur der Veranschaulichung,Las imágenes de los productos son solo de referencia,As imagens dos produtos são apenas para referência,As imagens dos produtos são apenas para referência,Изображения продукта носят справочный характер,Le immagini del prodotto sono solo di riferimento,Hình ảnh sản phẩm chỉ mang tính tham khảo,รูปภาพผลิตภัณฑ์เป็นเพียงภาพประกอบ และอาจแตกต่างจากสินค้าจริงเล็กน้อย,Gambar produk hanya untuk referensi dan mungkin sedikit berbeda dengan produk asli,"صور المنتج للعرض التوضيحي فقط، وقد تختلف قليلاً عن المنتج الفعلي",Productafbeeldingen zijn ter illustratie en kunnen iets afwijken van het werkelijke product,Zdjęcia produktów mają charakter poglądowy i mogą nieznacznie różnić się od rzeczywistego produktu,Produktbilderna är endast illustrerande och kan skilja sig något från den faktiska produkten,Ürün görselleri yalnızca tanıtım amaçlıdır ve gerçek üründen biraz farklı olabilir,Product images are for reference only
Transfer speeds may vary by device and environment,传输速度可能因设备和环境不同而有所差异,傳輸速度可能因裝置和環境不同而有所差異,転送速度は、ご使用のデバイスや環境により異なります,전송 속도는 사용 중인 기기 및 환경에 따라 다를 수 있습니다,Les vitesses de transfert peuvent varier selon l'appareil et l'environnement,Die Übertragungsgeschwindigkeiten können je nach Gerät und Umgebung variieren,Las velocidades de transferencia pueden variar según el dispositivo y el entorno,As velocidades de transferência podem variar consoante o dispositivo e o ambiente,As velocidades de transferência podem variar conforme o dispositivo e o ambiente,Скорость передачи зависит от устройства и среды,Le velocità di trasferimento possono variare in base al dispositivo e all'ambiente,Tốc độ truyền có thể khác nhau tùy thiết bị và môi trường,ความเร็วในการโอนถ่ายอาจแตกต่างกันไปตามอุปกรณ์และสภาพแวดล้อมการใช้งาน,Kecepatan transfer dapat bervariasi tergantung pada perangkat dan lingkungan penggunaan,قد تختلف سرعات النقل باختلاف الجهاز وبيئة الاستخدام,Overdrachtssnelheden kunnen variëren afhankelijk van het apparaat en de gebruiksomgeving,Prędkości transferu mogą się różnić w zależności od urządzenia i środowiska pracy,Överföringshastigheten kan variera beroende på enhet och användningsmiljö,Aktarım hızları cihaza ve kullanım ortamına göre değişiklik gösterebilir,Transfer speeds may vary by device and environment
write speed up to,写入速度高达, 寫入速度高達,書き込み速度最大,쓰기 속도 최대,Vitesse d'écriture jusqu'à,Schreibgeschwindigkeit bis zu,Velocidad de escritura hasta,Velocidade de escrita até,Velocidade de gravação até,Скорость записи до,Velocità di scrittura fino a,Tốc độ ghi lên đến,ความเร็วในการเขียนสูงสุด,Kecepatan tulis hingga,سرعة كتابة تصل إلى,Schrijfsnelheid tot,Prędkość zapisu do,Skrivhastighet upp till,Maksimum yazma hızı,Write speed up to
read speed up to,读取速度高达, 讀取速度高達,読み出し速度最大,읽기 속도 최대,Vitesse de lecture jusqu'à,Lesegeschwindigkeit bis zu,Velocidad de lectura hasta,Velocidade de leitura até,Velocidade de leitura até,Скорость чтения до,Velocità di lettura fino a,Tốc độ đọc lên đến,ความเร็วในการอ่านสูงสุด,Kecepatan baca hingga,سرعة قراءة تصل إلى,Leessnelheid tot,Prędkość odczytu do,Läshastighet upp till,Maksimum okuma hızı,Read speed up to
DIAMOND,DIAMOND,DIAMOND,DIAMOND,DIAMOND,DIAMOND,DIAMOND,DIAMOND,DIAMOND,DIAMOND,DIAMOND,DIAMOND,DIAMOND,DIAMOND,DIAMOND,DIAMOND,DIAMOND,DIAMOND,DIAMOND,DIAMOND,DIAMOND
ARMOR,ARMOR,ARMOR,ARMOR,ARMOR,ARMOR,ARMOR,ARMOR,ARMOR,ARMOR,ARMOR,ARMOR,ARMOR,ARMOR,ARMOR,ARMOR,ARMOR,ARMOR,ARMOR,ARMOR,ARMOR
GOLD,GOLD,GOLD,GOLD,GOLD,GOLD,GOLD,GOLD,GOLD,GOLD,GOLD,GOLD,GOLD,GOLD,GOLD,GOLD,GOLD,GOLD,GOLD,GOLD,GOLD
THOR,THOR,THOR,THOR,THOR,THOR,THOR,THOR,THOR,THOR,THOR,THOR,THOR,THOR,THOR,THOR,THOR,THOR,THOR,THOR,THOR
ARES,ARES,ARES,ARES,ARES,ARES,ARES,ARES,ARES,ARES,ARES,ARES,ARES,ARES,ARES,ARES,ARES,ARES,ARES,ARES,ARES
BLUE,BLUE,BLUE,BLUE,BLUE,BLUE,BLUE,BLUE,BLUE,BLUE,BLUE,BLUE,BLUE,BLUE,BLUE,BLUE,BLUE,BLUE,BLUE,BLUE,BLUE
PLAY,PLAY,PLAY,PLAY,PLAY,PLAY,PLAY,PLAY,PLAY,PLAY,PLAY,PLAY,PLAY,PLAY,PLAY,PLAY,PLAY,PLAY,PLAY,PLAY,PLAY
SILVER,SILVER,SILVER,SILVER,SILVER,SILVER,SILVER,SILVER,SILVER,SILVER,SILVER,SILVER,SILVER,SILVER,SILVER,SILVER,SILVER,SILVER,SILVER,SILVER,SILVER
JumpDrive,JumpDrive,JumpDrive,JumpDrive,JumpDrive,JumpDrive,JumpDrive,JumpDrive,JumpDrive,JumpDrive,JumpDrive,JumpDrive,JumpDrive,JumpDrive,JumpDrive,JumpDrive,JumpDrive,JumpDrive,JumpDrive,JumpDrive,JumpDrive
DirectStorage,DirectStorage,DirectStorage,DirectStorage,DirectStorage,DirectStorage,DirectStorage,DirectStorage,DirectStorage,DirectStorage,DirectStorage,DirectStorage,DirectStorage,DirectStorage,DirectStorage,DirectStorage,DirectStorage,DirectStorage,DirectStorage,DirectStorage,DirectStorage
CUDIMM,CUDIMM,CUDIMM,CUDIMM,CUDIMM,CUDIMM,CUDIMM,CUDIMM,CUDIMM,CUDIMM,CUDIMM,CUDIMM,CUDIMM,CUDIMM,CUDIMM,CUDIMM,CUDIMM,CUDIMM,CUDIMM,CUDIMM,CUDIMM
Lexar Professional,Lexar Professional,Lexar Professional,Lexar Professional,Lexar Professional,Lexar Professional,Lexar Professional,Lexar Professional,Lexar Professional,Lexar Professional,Lexar Professional,Lexar Professional,Lexar Professional,Lexar Professional,Lexar Professional,Lexar Professional,Lexar Professional,Lexar Professional,Lexar Professional,Lexar Professional,Lexar Professional
Apple,Apple,Apple,Apple,Apple,Apple,Apple,Apple,Apple,Apple,Apple,Apple,Apple,Apple,Apple,Apple,Apple,Apple,Apple,Apple,Apple
Samsung,Samsung,Samsung,Samsung,Samsung,Samsung,Samsung,Samsung,Samsung,Samsung,Samsung,Samsung,Samsung,Samsung,Samsung,Samsung,Samsung,Samsung,Samsung,Samsung,Samsung
Huawei,Huawei,Huawei,Huawei,Huawei,Huawei,Huawei,Huawei,Huawei,Huawei,Huawei,Huawei,Huawei,Huawei,Huawei,Huawei,Huawei,Huawei,Huawei,Huawei,Huawei
Xiaomi,Xiaomi,Xiaomi,Xiaomi,Xiaomi,Xiaomi,Xiaomi,Xiaomi,Xiaomi,Xiaomi,Xiaomi,Xiaomi,Xiaomi,Xiaomi,Xiaomi,Xiaomi,Xiaomi,Xiaomi,Xiaomi,Xiaomi,Xiaomi
OPPO,OPPO,OPPO,OPPO,OPPO,OPPO,OPPO,OPPO,OPPO,OPPO,OPPO,OPPO,OPPO,OPPO,OPPO,OPPO,OPPO,OPPO,OPPO,OPPO,OPPO
vivo,vivo,vivo,vivo,vivo,vivo,vivo,vivo,vivo,vivo,vivo,vivo,vivo,vivo,vivo,vivo,vivo,vivo,vivo,vivo,vivo
OnePlus,OnePlus,OnePlus,OnePlus,OnePlus,OnePlus,OnePlus,OnePlus,OnePlus,OnePlus,OnePlus,OnePlus,OnePlus,OnePlus,OnePlus,OnePlus,OnePlus,OnePlus,OnePlus,OnePlus,OnePlus
realme,realme,realme,realme,realme,realme,realme,realme,realme,realme,realme,realme,realme,realme,realme,realme,realme,realme,realme,realme,realme
iQOO,iQOO,iQOO,iQOO,iQOO,iQOO,iQOO,iQOO,iQOO,iQOO,iQOO,iQOO,iQOO,iQOO,iQOO,iQOO,iQOO,iQOO,iQOO,iQOO,iQOO
Google,Google,Google,Google,Google,Google,Google,Google,Google,Google,Google,Google,Google,Google,Google,Google,Google,Google,Google,Google,Google
Motorola,Motorola,Motorola,Motorola,Motorola,Motorola,Motorola,Motorola,Motorola,Motorola,Motorola,Motorola,Motorola,Motorola,Motorola,Motorola,Motorola,Motorola,Motorola,Motorola,Motorola
Nokia,Nokia,Nokia,Nokia,Nokia,Nokia,Nokia,Nokia,Nokia,Nokia,Nokia,Nokia,Nokia,Nokia,Nokia,Nokia,Nokia,Nokia,Nokia,Nokia,Nokia
Honor,Honor,Honor,Honor,Honor,Honor,Honor,Honor,Honor,Honor,Honor,Honor,Honor,Honor,Honor,Honor,Honor,Honor,Honor,Honor,Honor
Meizu,Meizu,Meizu,Meizu,Meizu,Meizu,Meizu,Meizu,Meizu,Meizu,Meizu,Meizu,Meizu,Meizu,Meizu,Meizu,Meizu,Meizu,Meizu,Meizu,Meizu
ZTE,ZTE,ZTE,ZTE,ZTE,ZTE,ZTE,ZTE,ZTE,ZTE,ZTE,ZTE,ZTE,ZTE,ZTE,ZTE,ZTE,ZTE,ZTE,ZTE,ZTE
BlackBerry,BlackBerry,BlackBerry,BlackBerry,BlackBerry,BlackBerry,BlackBerry,BlackBerry,BlackBerry,BlackBerry,BlackBerry,BlackBerry,BlackBerry,BlackBerry,BlackBerry,BlackBerry,BlackBerry,BlackBerry,BlackBerry,BlackBerry,BlackBerry
Canon,Canon,Canon,Canon,Canon,Canon,Canon,Canon,Canon,Canon,Canon,Canon,Canon,Canon,Canon,Canon,Canon,Canon,Canon,Canon,Canon
Nikon,Nikon,Nikon,Nikon,Nikon,Nikon,Nikon,Nikon,Nikon,Nikon,Nikon,Nikon,Nikon,Nikon,Nikon,Nikon,Nikon,Nikon,Nikon,Nikon,Nikon
Sony,Sony,Sony,Sony,Sony,Sony,Sony,Sony,Sony,Sony,Sony,Sony,Sony,Sony,Sony,Sony,Sony,Sony,Sony,Sony,Sony
Fujifilm,Fujifilm,Fujifilm,Fujifilm,Fujifilm,Fujifilm,Fujifilm,Fujifilm,Fujifilm,Fujifilm,Fujifilm,Fujifilm,Fujifilm,Fujifilm,Fujifilm,Fujifilm,Fujifilm,Fujifilm,Fujifilm,Fujifilm,Fujifilm
Olympus,Olympus,Olympus,Olympus,Olympus,Olympus,Olympus,Olympus,Olympus,Olympus,Olympus,Olympus,Olympus,Olympus,Olympus,Olympus,Olympus,Olympus,Olympus,Olympus,Olympus
Panasonic,Panasonic,Panasonic,Panasonic,Panasonic,Panasonic,Panasonic,Panasonic,Panasonic,Panasonic,Panasonic,Panasonic,Panasonic,Panasonic,Panasonic,Panasonic,Panasonic,Panasonic,Panasonic,Panasonic,Panasonic
Leica,Leica,Leica,Leica,Leica,Leica,Leica,Leica,Leica,Leica,Leica,Leica,Leica,Leica,Leica,Leica,Leica,Leica,Leica,Leica,Leica
Zeiss,Zeiss,Zeiss,Zeiss,Zeiss,Zeiss,Zeiss,Zeiss,Zeiss,Zeiss,Zeiss,Zeiss,Zeiss,Zeiss,Zeiss,Zeiss,Zeiss,Zeiss,Zeiss,Zeiss,Zeiss
Tamron,Tamron,Tamron,Tamron,Tamron,Tamron,Tamron,Tamron,Tamron,Tamron,Tamron,Tamron,Tamron,Tamron,Tamron,Tamron,Tamron,Tamron,Tamron,Tamron,Tamron
Sigma,Sigma,Sigma,Sigma,Sigma,Sigma,Sigma,Sigma,Sigma,Sigma,Sigma,Sigma,Sigma,Sigma,Sigma,Sigma,Sigma,Sigma,Sigma,Sigma,Sigma
Tokina,Tokina,Tokina,Tokina,Tokina,Tokina,Tokina,Tokina,Tokina,Tokina,Tokina,Tokina,Tokina,Tokina,Tokina,Tokina,Tokina,Tokina,Tokina,Tokina,Tokina
Samyang,Samyang,Samyang,Samyang,Samyang,Samyang,Samyang,Samyang,Samyang,Samyang,Samyang,Samyang,Samyang,Samyang,Samyang,Samyang,Samyang,Samyang,Samyang,Samyang,Samyang
Godox,Godox,Godox,Godox,Godox,Godox,Godox,Godox,Godox,Godox,Godox,Godox,Godox,Godox,Godox,Godox,Godox,Godox,Godox,Godox,Godox
Aputure,Aputure,Aputure,Aputure,Aputure,Aputure,Aputure,Aputure,Aputure,Aputure,Aputure,Aputure,Aputure,Aputure,Aputure,Aputure,Aputure,Aputure,Aputure,Aputure,Aputure
Manfrotto,Manfrotto,Manfrotto,Manfrotto,Manfrotto,Manfrotto,Manfrotto,Manfrotto,Manfrotto,Manfrotto,Manfrotto,Manfrotto,Manfrotto,Manfrotto,Manfrotto,Manfrotto,Manfrotto,Manfrotto,Manfrotto,Manfrotto,Manfrotto
DJI,DJI,DJI,DJI,DJI,DJI,DJI,DJI,DJI,DJI,DJI,DJI,DJI,DJI,DJI,DJI,DJI,DJI,DJI,DJI,DJI
SmallRig,SmallRig,SmallRig,SmallRig,SmallRig,SmallRig,SmallRig,SmallRig,SmallRig,SmallRig,SmallRig,SmallRig,SmallRig,SmallRig,SmallRig,SmallRig,SmallRig,SmallRig,SmallRig,SmallRig,SmallRig
GoPro,GoPro,GoPro,GoPro,GoPro,GoPro,GoPro,GoPro,GoPro,GoPro,GoPro,GoPro,GoPro,GoPro,GoPro,GoPro,GoPro,GoPro,GoPro,GoPro,GoPro
Blackmagic,Blackmagic,Blackmagic,Blackmagic,Blackmagic,Blackmagic,Blackmagic,Blackmagic,Blackmagic,Blackmagic,Blackmagic,Blackmagic,Blackmagic,Blackmagic,Blackmagic,Blackmagic,Blackmagic,Blackmagic,Blackmagic,Blackmagic,Blackmagic
Profoto,Profoto,Profoto,Profoto,Profoto,Profoto,Profoto,Profoto,Profoto,Profoto,Profoto,Profoto,Profoto,Profoto,Profoto,Profoto,Profoto,Profoto,Profoto,Profoto,Profoto
Rode,Rode,Rode,Rode,Rode,Rode,Rode,Rode,Rode,Rode,Rode,Rode,Rode,Rode,Rode,Rode,Rode,Rode,Rode,Rode,Rode
Hasselblad,Hasselblad,Hasselblad,Hasselblad,Hasselblad,Hasselblad,Hasselblad,Hasselblad,Hasselblad,Hasselblad,Hasselblad,Hasselblad,Hasselblad,Hasselblad,Hasselblad,Hasselblad,Hasselblad,Hasselblad,Hasselblad,Hasselblad,Hasselblad
Ricoh,Ricoh,Ricoh,Ricoh,Ricoh,Ricoh,Ricoh,Ricoh,Ricoh,Ricoh,Ricoh,Ricoh,Ricoh,Ricoh,Ricoh,Ricoh,Ricoh,Ricoh,Ricoh,Ricoh,Ricoh
Pentax,Pentax,Pentax,Pentax,Pentax,Pentax,Pentax,Pentax,Pentax,Pentax,Pentax,Pentax,Pentax,Pentax,Pentax,Pentax,Pentax,Pentax,Pentax,Pentax,Pentax
Insta360,Insta360,Insta360,Insta360,Insta360,Insta360,Insta360,Insta360,Insta360,Insta360,Insta360,Insta360,Insta360,Insta360,Insta360,Insta360,Insta360,Insta360,Insta360,Insta360,Insta360
AKASO,AKASO,AKASO,AKASO,AKASO,AKASO,AKASO,AKASO,AKASO,AKASO,AKASO,AKASO,AKASO,AKASO,AKASO,AKASO,AKASO,AKASO,AKASO,AKASO,AKASO
SJCAM,SJCAM,SJCAM,SJCAM,SJCAM,SJCAM,SJCAM,SJCAM,SJCAM,SJCAM,SJCAM,SJCAM,SJCAM,SJCAM,SJCAM,SJCAM,SJCAM,SJCAM,SJCAM,SJCAM,SJCAM
Garmin,Garmin,Garmin,Garmin,Garmin,Garmin,Garmin,Garmin,Garmin,Garmin,Garmin,Garmin,Garmin,Garmin,Garmin,Garmin,Garmin,Garmin,Garmin,Garmin,Garmin
DRIFT,DRIFT,DRIFT,DRIFT,DRIFT,DRIFT,DRIFT,DRIFT,DRIFT,DRIFT,DRIFT,DRIFT,DRIFT,DRIFT,DRIFT,DRIFT,DRIFT,DRIFT,DRIFT,DRIFT,DRIFT
FeiyuTech,FeiyuTech,FeiyuTech,FeiyuTech,FeiyuTech,FeiyuTech,FeiyuTech,FeiyuTech,FeiyuTech,FeiyuTech,FeiyuTech,FeiyuTech,FeiyuTech,FeiyuTech,FeiyuTech,FeiyuTech,FeiyuTech,FeiyuTech,FeiyuTech,FeiyuTech,FeiyuTech
APEMAN,APEMAN,APEMAN,APEMAN,APEMAN,APEMAN,APEMAN,APEMAN,APEMAN,APEMAN,APEMAN,APEMAN,APEMAN,APEMAN,APEMAN,APEMAN,APEMAN,APEMAN,APEMAN,APEMAN,APEMAN
EZVIZ,EZVIZ,EZVIZ,EZVIZ,EZVIZ,EZVIZ,EZVIZ,EZVIZ,EZVIZ,EZVIZ,EZVIZ,EZVIZ,EZVIZ,EZVIZ,EZVIZ,EZVIZ,EZVIZ,EZVIZ,EZVIZ,EZVIZ,EZVIZ
QooCam,QooCam,QooCam,QooCam,QooCam,QooCam,QooCam,QooCam,QooCam,QooCam,QooCam,QooCam,QooCam,QooCam,QooCam,QooCam,QooCam,QooCam,QooCam,QooCam,QooCam
PanoX,PanoX,PanoX,PanoX,PanoX,PanoX,PanoX,PanoX,PanoX,PanoX,PanoX,PanoX,PanoX,PanoX,PanoX,PanoX,PanoX,PanoX,PanoX,PanoX,PanoX
Amkov,Amkov,Amkov,Amkov,Amkov,Amkov,Amkov,Amkov,Amkov,Amkov,Amkov,Amkov,Amkov,Amkov,Amkov,Amkov,Amkov,Amkov,Amkov,Amkov,Amkov
ASUS,ASUS,ASUS,ASUS,ASUS,ASUS,ASUS,ASUS,ASUS,ASUS,ASUS,ASUS,ASUS,ASUS,ASUS,ASUS,ASUS,ASUS,ASUS,ASUS,ASUS
GIGABYTE,GIGABYTE,GIGABYTE,GIGABYTE,GIGABYTE,GIGABYTE,GIGABYTE,GIGABYTE,GIGABYTE,GIGABYTE,GIGABYTE,GIGABYTE,GIGABYTE,GIGABYTE,GIGABYTE,GIGABYTE,GIGABYTE,GIGABYTE,GIGABYTE,GIGABYTE,GIGABYTE
MSI,MSI,MSI,MSI,MSI,MSI,MSI,MSI,MSI,MSI,MSI,MSI,MSI,MSI,MSI,MSI,MSI,MSI,MSI,MSI,MSI
ASRock,ASRock,ASRock,ASRock,ASRock,ASRock,ASRock,ASRock,ASRock,ASRock,ASRock,ASRock,ASRock,ASRock,ASRock,ASRock,ASRock,ASRock,ASRock,ASRock,ASRock
COLORFUL,COLORFUL,COLORFUL,COLORFUL,COLORFUL,COLORFUL,COLORFUL,COLORFUL,COLORFUL,COLORFUL,COLORFUL,COLORFUL,COLORFUL,COLORFUL,COLORFUL,COLORFUL,COLORFUL,COLORFUL,COLORFUL,COLORFUL,COLORFUL
BIOSTAR,BIOSTAR,BIOSTAR,BIOSTAR,BIOSTAR,BIOSTAR,BIOSTAR,BIOSTAR,BIOSTAR,BIOSTAR,BIOSTAR,BIOSTAR,BIOSTAR,BIOSTAR,BIOSTAR,BIOSTAR,BIOSTAR,BIOSTAR,BIOSTAR,BIOSTAR,BIOSTAR
MAXSUN,MAXSUN,MAXSUN,MAXSUN,MAXSUN,MAXSUN,MAXSUN,MAXSUN,MAXSUN,MAXSUN,MAXSUN,MAXSUN,MAXSUN,MAXSUN,MAXSUN,MAXSUN,MAXSUN,MAXSUN,MAXSUN,MAXSUN,MAXSUN
Microsoft,Microsoft,Microsoft,Microsoft,Microsoft,Microsoft,Microsoft,Microsoft,Microsoft,Microsoft,Microsoft,Microsoft,Microsoft,Microsoft,Microsoft,Microsoft,Microsoft,Microsoft,Microsoft,Microsoft,Microsoft
Nintendo,Nintendo,Nintendo,Nintendo,Nintendo,Nintendo,Nintendo,Nintendo,Nintendo,Nintendo,Nintendo,Nintendo,Nintendo,Nintendo,Nintendo,Nintendo,Nintendo,Nintendo,Nintendo,Nintendo,Nintendo
SEGA,SEGA,SEGA,SEGA,SEGA,SEGA,SEGA,SEGA,SEGA,SEGA,SEGA,SEGA,SEGA,SEGA,SEGA,SEGA,SEGA,SEGA,SEGA,SEGA,SEGA
Atari,Atari,Atari,Atari,Atari,Atari,Atari,Atari,Atari,Atari,Atari,Atari,Atari,Atari,Atari,Atari,Atari,Atari,Atari,Atari,Atari
Valve,Valve,Valve,Valve,Valve,Valve,Valve,Valve,Valve,Valve,Valve,Valve,Valve,Valve,Valve,Valve,Valve,Valve,Valve,Valve,Valve
Anbernic,Anbernic,Anbernic,Anbernic,Anbernic,Anbernic,Anbernic,Anbernic,Anbernic,Anbernic,Anbernic,Anbernic,Anbernic,Anbernic,Anbernic,Anbernic,Anbernic,Anbernic,Anbernic,Anbernic,Anbernic
OneXPlayer,OneXPlayer,OneXPlayer,OneXPlayer,OneXPlayer,OneXPlayer,OneXPlayer,OneXPlayer,OneXPlayer,OneXPlayer,OneXPlayer,OneXPlayer,OneXPlayer,OneXPlayer,OneXPlayer,OneXPlayer,OneXPlayer,OneXPlayer,OneXPlayer,OneXPlayer,OneXPlayer
GPD,GPD,GPD,GPD,GPD,GPD,GPD,GPD,GPD,GPD,GPD,GPD,GPD,GPD,GPD,GPD,GPD,GPD,GPD,GPD,GPD
Lexar,Lexar 雷克沙,Lexar,Lexar,Lexar,Lexar,Lexar,Lexar,Lexar,Lexar,Lexar,Lexar,Lexar,Lexar,Lexar,Lexar,Lexar,Lexar,Lexar,Lexar,Lexar
