亚马逊需要9国语言,亚马逊9国语言,,,,,,,,,,,亚马逊9国语言,,,,,,,,,,
官网需要10国语言,官网10国语言,,,,,,,,,,,,,,,,,,,,,
Reference,EN,德DE,法FR,西班牙ES,意大利IT,波兰PL,阿拉伯AR,日本JP,中文CN,台湾TC,越南VN,荷兰NL,瑞典SE,土耳其TR,,,,,,,,
,"
Steel-Armored, Unstoppable Performance
Lexar® ARMOR GOLD SDXC™ UHS-II Card","
 Stahlgepanzerte, unerschütterliche Leistung
 Lexar® ARMOR GOLD SDXC™ UHS-II Karte","
Des performances inébranlables, et une protection en acier
 Carte Lexar® ARMOR GOLD SDXC™ UHS-II","
 Blindada de acero, rendimiento imparable
 Tarjeta Lexar® ARMOR GOLD SDXC™ UHS-II","
 Protezione in acciaio, prestazioni inarrestabili
 Scheda SDXC™ UHS-II Lexar® ARMOR GOLD","
 Niepowstrzymana wydajność w stalowej zbroi
 Karta Lexar® ARMOR GOLD SDXC™ UHS-II","
 بطاقة
 Lexar® ARMOR GOLD SDXC™ UHS-II المصفحة بالفولاذ، ذات الأداء الذي لا يقاوم","
 スチール装甲の強力なパフォーマンス
 Lexar® ARMOR GOLD SDXC™ UHS-IIカード","这卡, 够钢！
 Lexar® ARMOR GOLD SDXC™ UHS-II 存储卡","外殼不銹鋼，效能一極棒！
 Lexar® ARMOR GOLD SDXC™ UHS-II 記憶卡","
 Lớp Vỏ Thép đi kèm với Hiệu Năng Bứt Phá
 Thẻ Lexar® ARMOR GOLD SDXC™ UHS-II","
 Staal-gepantserde, onverslaanbare prestaties
 Lexar® ARMOR GOLD SDXC™ UHS-II-kaart","
 Stålförstärkt, ostoppbar prestanda
 Lexar® ARMOR GOLD SDXC™ UHS-II-kort","
 Çelik Zırhlı, Durdurulamaz Performans
 Lexar® ARMOR GOLD SDXC™ UHS-II Kart",,,,,,,,
,"Stainless-Steel Construction for Unrelenting Durability

Safeguards Your Card Against Damage

37X Stronger than Normal SD Cards

Reinforced in Every Detail

Record High-Res 6K Video Seamlessly
Write speed up to 210MB/s

Boost Your Post-Production Efficiency
Read speed up to 280MB/s

Recover Your Data Swiftly with the Lexar Recovery Tool","Edelstahlkonstruktion für unerbittliche Haltbarkeit
 
 Schützt Ihre Karte vor Beschädigung
 
 37X widerstandsfähiger als herkömmliche SD-Karten
 
 Verstärkt bis ins kleinste Detail
 
 Nahtlose Aufnahme von hochauflösenden 6K Videos
 Schreibgeschwindigkeit bis zu 210MB/s
 
 Steigern Sie die Effizienz Ihrer Postproduktion 
 Lesegeschwindigkeit bis zu 280MB/s
 
 Stellen Sie Ihre Daten mit dem Lexar Recovery Tool schnell wieder her","Construction en acier inoxydable pour une durabilité sans faille
 
 Protège votre carte contre les dommages
 
 37 fois plus résistante que les cartes SD classiques
 
 Renforcée dans les moindres détails
 
 Enregistrez des vidéos 6K haute résolution en toute transparence
 Vitesse d'écriture jusqu'à 210 Mo/s
 
 Améliorez votre efficacité en post-production
 Vitesse de lecture jusqu'à 280 Mo/s
 
 Récupérez rapidement vos données avec Lexar Recovery Tool","Construcción de acero inoxidable para una durabilidad implacable
 
 Protege su tarjeta contra daños
 
 37 veces más fuerte que las tarjetas SD normales
 
 Reforzada en cada detalle
 
 Graba video 6K de alta resolución sin problemas
 Velocidad de escritura de hasta 210 MB/s
 
 Refuerza su eficiencia en la posproducción
 Velocidad de lectura de hasta 280 MB/s
 
 Recupera sus datos rápidamente con Lexar Recovery Tool","Costruzione in acciaio inossidabile per durare a lungo, senza compromessi
 
 Protegge la scheda dai danneggiamenti
 
 37 volte più forte delle normali schede SD
 
 Rinforzata in ogni dettaglio
 
 Registra senza interruzioni video in 6K in alta risoluzione
 Velocità di scrittura fino a 210 MB/s
 
 Migliora l’efficienza in post-produzione
 Velocità di lettura fino a 280 MB/s
 
 Recupera subito i tuoi dati con il Lexar Recovery Tool","Konstrukcja z nierdzewnej stali to niezłomna wytrwałość
 
 Chroni Twoją kartę przed uszkodzeniem
 
 37 x silniejsza od zwykłych kart SD
 
 Wzmocniona w każdym detalu
 
 Nagrywaj płynnie wideo o wysokiej rozdzielczości 6K
 Szybkość zapisu do 210 MB/s
 
 Zwiększ wydajność postprodukcji
 Szybkość odczytu do 280 MB/s
 
 Odzyskuj szybko swoje dane za pomocą narzędzia do odzyskiwania danych Lexar","هيكل من الفولاذ المقاوم للصدأ لتوفير قدرة تحمل لا تلين
 
 يحمي بطاقتك من التلف
 
 أقوى بمقدار 37 مرة من بطاقات الذاكرة SD العادية
 
 معززة في كل تفاصيلها
 
 تسجل مقاطع فيديو عالية الدقة 6K بسلاسة
 سرعة كتابة تصل إلى 210 ميجابايت/ثانية
 
 تعزيز كفاءة مرحلة ما بعد الإنتاج
 سرعة قراءة تصل إلى 280 ميجابايت/ثانية
 
 استعادة بياناتك بسرعة مع أداة استعادة بيانات Lexar","ステンレス構造の揺るぎない耐久性
 
 カードを破損から保護
 
 一般的なSDカードの37倍頑丈
 
 あらゆる細部に至るまで強化
 
 ハイレゾ6K動画のシームレスな撮影
 最大ライト速度210MB/s
 
 ポストプロダクションの効率を向上
 最大リード速度280MB/s
 
 Lexar Recovery Toolでデータを素早く復元","全球首款不锈钢金属 SD 卡
 
 防水 防尘 防跌落
 
 超耐用 抗压性能提升 37 倍 *
 
 结构更简单 细节更抗造
 
 6K 大作 信手拈来
 写入速度高达210MB/s
 
 高效后期 大作速传
 读取速度高达280MB/s
 
 专业数据恢复软件终身免费使用","全球首款不銹鋼金屬 SD 記憶卡
 
 防水、防塵、防摔
 
 超耐用，抗壓效能提升 37 倍*
 
 結構更簡單，細節經久耐用
 
 高解析度 6K 影片，流暢錄製
 寫入速度高達 210MB/s
 
 高效後製，極速傳送
 讀取速度高達 280MB/s
 
 專業資料復原軟體終身免費使用","Cấu Trúc Bằng Thép Không Gỉ mang lại Độ Bền Dài Lâu
 
 Bảo Vệ An Toàn Cho Thẻ Của Bạn Khỏi Hư Hại
 
 Chắc Chắn hơn Thẻ SD Thông Thường 37 Lần
 
 Tăng Cường ở Mọi Chi Tiết
 
 Ghi Hình Video Mượt Mà ở Độ Phân Giải Cao 6K
 Tốc độ ghi lên đến 210MB/giây
 
 Thúc Đẩy Hiệu Quả Công Tác Hậu Kỳ
 Tốc độ đọc lên đến 280MB/giây
 
 Khôi Phục Dữ Liệu Nhanh Chóng bằng Công Cụ Khôi Phục của Lexar","Roestvrijstalen constructie voor ongeëvenaarde duurzaamheid
 
 Beschermt uw kaart tegen schade
 
 37x sterker dan normale SD-kaarten
 
 Een krachtpatser tot in de kleinste details
 
 Naadloos 6K-video met hoge resolutie opnemen
 Schrijfsnelheid tot 210MB/s
 
 Verhoog uw post-productie-efficiëntie
 Leessnelheid tot 280MB/s
 
 Herstel uw gegevens snel met de Lexar-hersteltool","Konstruerat av rostfritt stål för obeveklig hållbarhet
 
 Skyddar kortet mot skador
 
 37 gånger starkare än vanliga SD-kort
 
 Förstärkt i varje detalj
 
 Spela in högupplöst 6K-video sömlöst
 Skrivhastighet upp till 210 MB/s
 
 Öka din efterproduktionseffektivitet
 Läshastighet upp till 280 MB/s
 
 Återställ data snabbt med Lexar återställningsverktyg","Paslanmaz Çelik Yapısıyla Amansız Dayanıklılık
 
 Hasara Karşı Kartınızı Korur
 
 Normal SD Kartlara Göre 37 Kat Daha Güçlü
 
 Her Detayı Güçlendirilmiş
 
 Sorunsuzca Yüksek Çözünürlüklü 6K Videolar Çekin
 210 MB/s'ye varan yazma hızı
 
 Post Prodüksiyon Verimliliğinizi Artırın
 280 MB/s'ye varan okuma hızı
 
 Lexar Kurtarma Aracı İle Hızlıca Verilerinizi Kurtarın",,,,,,,,
,"Stainless-Steel Construction for Unrelenting Durability

The Lexar® ARMOR GOLD SDXC™ UHS-II Card is the world’s first memory card that uses stainless steel for steel-clad protection of your data*. Featuring a pressure resistance of up to 370 Newtons (37X higher than standard memory cards), this design ensures the card can endure heavy impacts and dissipates heat for long-lasting performance.

Stainless Steel

*Based on market conditions at the time of product launch.","Edelstahlkonstruktion für unerbittliche Haltbarkeit
 
 Die Lexar® ARMOR GOLD SDXC™ UHS-II Karte ist die weltweit erste Speicherkarte, die Edelstahl verwendet, um Ihre Daten in einem Stahlgehäuse zu schützen*. Mit einer Druckfestigkeit von bis zu 370 Newton (37X höher als bei herkömmlichen Speicherkarten) sorgt dieses Design dafür, dass die Karte starken Stößen standhält und Wärme ableitet, um eine lang anhaltende Leistung zu gewährleisten.
 
 Edelstahl
 
 *Basierend auf den Marktbedingungen zum Zeitpunkt der Produkteinführung.","Construction en acier inoxydable pour une durabilité sans faille
 
 La carte Lexar® ARMOR GOLD SDXC™ UHS-II est la première carte mémoire au monde à utiliser de l'acier inoxydable pour une protection de vos données à toute épreuve*. Dotée d'une résistance à la pression allant jusqu'à 370 Newtons (37X plus élevée que les cartes mémoire classique), cette conception garantit que la carte peut supporter des chocs importants et dissiper la chaleur pour des performances durables.
 
Acier inoxydable
 
 *Basé sur les conditions du marché au moment du lancement du produit.","Construcción de acero inoxidable para una durabilidad implacable
 
 La tarjeta Lexar® ARMOR GOLD SDXC™ UHS-II es la primera tarjeta de memoria del mundo en utilizar acero inoxidable para la protección revestida de acero de sus datos*. Con una resistencia a la presión de hasta 370 N (37 veces más alta que las tarjetas de memoria estándar), este diseño garantiza que la tarjeta pueda soportar impactos fuertes y disipar el calor para un rendimiento duradero.
 
 Acero inoxidable
 
 *Con base en las condiciones del mercado en el momento del lanzamiento del producto.","Costruzione in acciaio inossidabile per durare a lungo, senza compromessi
 
 La scheda SDXC™ UHS-II Lexar® ARMOR GOLD è la prima scheda di memoria al mondo che usa l'acciaio inossidabile per proteggere i dati*. Con una resistenza alla pressione fino a 370 Newton (37 volte più alta delle normali schede di memoria), può resistere a impatti anche molto forti e dissipare il calore per prestazioni di lunga durata.
 
 Acciaio inossidabile
 
 *Basato su ricerche di mercato al momento del lancio del prodotto.","Konstrukcja z nierdzewnej stali to niezłomna wytrwałość
 
 Karta Lexar® ARMOR GOLD SDXC™ UHS-II jest pierwszą na świecie kartą, która wykorzystuje stal nierdzewną do ochrony Twoich danych *. Dzięki odporności na nacisk do 370 N (37 x więcej niż zwykłe karty pamięci) karta wytrzyma silne uderzenia i odprowadzi ciepło, zapewniając długotrwałą wydajność.
 
 Stal nierdzewna
 
 *Dotyczy warunków rynkowych w momencie wprowadzania na rynek","هيكل من الفولاذ المقاوم للصدأ لتوفير قدرة تحمل لا تلين
 
 بطاقة Lexar ® ARMOR GOLD SDXC™ UHS-II هي أول بطاقة ذاكرة ،في العالم تستخدم الفولاذ المقاوم للصدأ لحماية بياناتك بشكل متين*. تمتاز البطاقة بمقاومة للضغط تصل إلى 370 نيوتن (أقوى بمقدار 37 مرة من بطاقات الذاكرة العادية)، مما يضمن تحملها للصدمات القوية وتبديد الحرارة لأداء يدوم طويلاً.
 
 فولاذ مقاوم للصدأ
 
 استنادًا إلى ظروف السوق وقت إطلاق المنتج.","ステンレス構造の揺るぎない耐久性
 
 Lexar® ARMOR GOLD SDXC™ UHS-IIカードは、ステンレスの使用で鉄壁のデータ保護を実現した*世界初のメモリカードです。最大370ニュートン（一般的なメモリカードの37倍）の耐圧性が特長の設計により、このカードは大きな衝撃に耐え、優れた放熱性で長時間のパフォーマンスを実現します。
 
 ステンレス製
 
 *製品発売時点の市場環境に基づきます。","全球首款不锈钢金属 SD 卡
 
 ARMOR SD 卡是全球首款不锈钢材质制成的存储卡，与航空航天领域的零部件同款不锈钢材质，全面提升抗压性、耐磨损性和散热性。","全球首款不銹鋼金屬 SD 記憶卡
 
 ARMOR SD 記憶卡是全球首款不銹鋼材質製成的記憶卡，採用與航太領域零件相同的不銹鋼材質，全面提升抗壓性、耐磨損性和散熱性。","Cấu Trúc Bằng Thép Không Gỉ mang lại Độ Bền Dài Lâu
 
 Thẻ Lexar® ARMOR GOLD SDXC™ UHS-II là thẻ nhớ đầu tiên trên thế giới sử dụng thép không gỉ để bao bọc lớp bảo vệ dữ liệu của bạn*. Với khả năng chịu áp lực lên tới 370 Newton (cao hơn 37 lần so với thẻ nhớ thông thường), thiết kế này đảm bảo thẻ có thể chịu được những va đập mạnh và phân tán nhiệt để đạt hiệu năng lâu dài.
 
 Thép Không Gỉ
 
 *Dựa trên điều kiện thị trường vào thời điểm ra mắt sản phẩm.","Roestvrijstalen constructie voor ongeëvenaarde duurzaamheid
 
 De Lexar® ARMOR GOLD SDXC™ UHS-II-kaart is 's werelds eerste geheugenkaart die roestvrij staal gebruikt voor de met staal beklede bescherming van uw gegevens*. Dit ontwerp, met een drukbestendigheid tot 370 Newton (37x hoger dan standaard geheugenkaarten), zorgt ervoor dat de kaart zware schokken kan doorstaan en warmte kan afvoeren voor langdurige prestaties.
 
 Roestvrijstaal
 
 *Gebaseerd op marktomstandigheden op het moment van productlancering.","Konstruerat av rostfritt stål för obeveklig hållbarhet
 
 Lexar® ARMOR GOLD SDXC™ UHS-II-kort är världens första minneskort som använder rostfritt stål för stålklätt skydd av dina data*. Med ett tryckmotstånd på upp till 370 Newton (37 gånger högre än vanliga minneskort), säkerställer denna design att kortet klarar kraftiga stötar och avleder värme för långvarig prestanda.
 
 Rostfritt stål
 
 *Baserat på marknadsförhållanden vid tidpunkten för produktlanseringen.","Paslanmaz Çelik Yapısıyla Amansız Dayanıklılık
 
 Lexar® ARMOR GOLD SDXC™ UHS-II Kart, verilerinizi çelik gibi korumak için paslanmaz çelik kullanan dünyanın ilk hafıza kartı*. 370 Newton'a varan (standart hafıza kartlarından 37 kat daha yüksek) baskı direncine sahip bu tasarım, uzun süreli performans için kartın ağır darbelere dayanabilmesini ve ısıyı dağıtmasını sağlar.
 
 Paslanmaz Çelik
 
 *Ürünün çıktığı zamandaki piyasa koşullarına göre.",,,,,,,,
,"37X Stronger than Normal SD Cards

Featuring a bending test of up to 370 Newtons (37X higher than normal SD card), this design ensures the card can endure heavy impacts and dissipates heat for long-lasting performance.

Normal SD Card
10N Bending Test

ARMOR SD Card
370N Bending Test

*Based on internal testing. Actual performance may vary.","37X widerstandsfähiger als herkömmliche SD-Karten
 
 Mit einer Biegefestigkeit von bis zu 370 Newton (37X höher als bei herkömmlichen Speicherkarten) sorgt dieses Design dafür, dass die Karte starken Stößen standhält und Wärme ableitet, um eine lang anhaltende Leistung zu gewährleisten.
 
 Normale SD-Karte
 10N Biegefestigkeit
 
 ARMOR SD-Karte
 370N Biegefestigkeit
 
 *Basierend auf internen Tests. Die tatsächliche Geschwindigkeit kann variieren.","37 fois plus résistante que les cartes SD classiques
 
 Avec un test de flexion allant jusqu'à 370 Newtons (37 fois plus qu'une carte SD classique), cette conception garantit que la carte peut supporter des chocs importants et dissiper la chaleur pour des performances durables.
 
 Carte SD classique
 Test de flexion 10 N
 
 Carte SD ARMOR
 Test de flexion 370 N
 
 *Basé sur des tests internes. Les performances réelles peuvent varier.","37 veces más fuerte que las tarjetas SD normales
 
 Con una prueba de flexión de hasta 370 N (37 veces más alta que una tarjeta SD normal), este diseño garantiza que la tarjeta pueda soportar impactos fuertes y disipar el calor para un rendimiento duradero.
 
 Tarjeta SD normal
 Prueba de flexión de 10 N
 
 Tarjeta SD ARMOR
 Prueba de flexión de 370 N
 
 *Con base en pruebas internas. El rendimiento real puede variar.","37 volte più forte delle normali schede SD
 
 Con una resistenza alla piegatura fino a 370 Newton (37 volte più alta delle normali schede di memoria), può resistere a impatti anche molto forti e dissipare il calore per prestazioni di lunga durata.
 
 Scheda SD Normale
 Test di piegatura da 10 N
 
 Scheda SD ARMOR
 Test di piegatura da 370N
 
 *Basato su verifiche interne. Le prestazioni effettive possono variare.","37 x silniejsza od zwykłych kart SD
 
 Dzięki odporności na zginanie do 370 N (37 x więcej niż zwykłe karty SD) karta wytrzyma silne uderzenia i odprowadzi ciepło, zapewniając długotrwałą wydajność.
 
 Zwykła karta SD
 Test zginania 10 N
 
 Karta ARMOR SD
 Test zginania 370 N
 
 *Na podstawie testów wewnętrznych. Rzeczywiste osiągi mogą być inne.","أقوى بمقدار 37 مرة من بطاقات الذاكرة SD العادية
 
 يتميز هذا التصميم باختبار انحناء يصل إلى 370 نيوتن (أقوى بمقدار 37 مرة من بطاقة الذاكرة SD العادية)، مما يضمن قدرة البطاقة على تحمل الصدمات الشديدة وتبديد الحرارة لأداء يدوم طويلاً.
 
 بطاقة SD العادية
 اختبار انحناء بقوة 10 نيوتن
 
 بطاقة ARMOR SD
 اختبار انحناء بقوة 370 نيوتن
 
 *وفقًا لنتائج اختباراتنا الداخلية. قد يختلف الأداء الفعلي عن الأداء المذكور أو المقارن به.","一般的なSDカードの37倍頑丈
 
 最大370ニュートン（通常のSDカードの37倍）の曲げ強度が特長の設計により、このカードは大きな衝撃に耐え、優れた放熱性で長時間のパフォーマンスを実現します。
 
 通常のSDカード
 10Nの曲げ強度
 
 ARMOR SDカード
 370Nの曲げ強度
 
 *社内テストに基づいています。実際のパフォーマンスは異なる場合があります。","超耐用 抗压性能提升 37 倍 *
 
 对于专业摄影用户来说，频繁地拔插、意外地碰撞跌落都有可能造成存储卡地断裂、损坏，进而对存储卡内部数据造成丢失风险。普通存储卡外壳通常采用塑料材质，面对复杂的使用环境时，往往显得较为脆弱。雷克沙 ARMOR SD 卡则以坚固的不锈钢材质打造，具有 370N 抗压、抗摔和抗磨损性能，极大程度地减少损坏风险。
 
 普通塑料卡
 10N 抗压能力 易弯折断裂
 
 ARMOR SD卡
 370N 抗压能力 抗弯折断裂
 
 * 以普通塑料存储卡为例，普通塑料存储卡抗压性能约为 10N，ARMOR SD 卡抗压性能约为 370N，是普通塑料存储卡的 37 倍。","超耐用，抗壓效能提升 37 倍*
 
 對於專業攝影師來說，頻繁地拔插、意外地碰撞摔落都可能造成記憶卡斷裂、損壞，進而使記憶卡內部資料遭受遺失風險。一般記憶卡外殼通常採用塑膠材質，面對複雜的使用環境時，往往顯得較為脆弱。Lexar ARMOR SD 記憶卡以堅固的不銹鋼材質打造，具有 370N 抗壓、抗摔和抗磨損效能，能將損壞風險降到最低。
 
 普通塑膠卡
 10N 抗壓能力，易彎折斷裂
 
 ARMOR SD 記憶卡
 370N 抗壓能力，抗彎折不斷裂
 
 * 以一般塑膠記憶卡為例，一般塑膠記憶卡抗壓效能約為 10N，ARMOR SD 記憶卡抗壓效能約 370N，是一般塑膠記憶卡的 37 倍。","Chắc Chắn hơn Thẻ SD Thông Thường 37 Lần
 
 Với khả năng chịu uốn đã được thử nghiệm lên tới 370 Newton (cao hơn 37 lần so với thẻ SD thông thường), thiết kế này đảm bảo thẻ có thể chịu được những va đập mạnh và phân tán nhiệt để đạt hiệu năng lâu dài.
 
 Thẻ SD Thông Thường
 Thử Nghiệm Khả Năng Chịu Uốn 10N
 
 Thẻ SD ARMOR
 Thử Nghiệm Khả Năng Chịu Uốn 370N
 
 *Dựa trên kết quả thử nghiệm của chúng tôi. Hiệu năng thực tế có thể khác biệt.","37x sterker dan normale SD-kaarten
 
 Dit ontwerp, met een buigtest tot 370 Newton (37x hoger dan een normale SD-kaart), zorgt ervoor dat de kaart zware schokken kan doorstaan en warmte afvoert voor langdurige prestaties.
 
 Normale SD-kaart
 10N buigtest
 
 ARMOR SD-kaart
 370N buigtest
 
 *Gebaseerd op interne tests. Daadwerkelijke prestaties kunnen variëren.","37 gånger starkare än vanliga SD-kort
 
 Med ett böjningstest på upp till 370 Newton (37 gånger högre än ett vanligt SD-kort), säkerställer denna design att kortet klarar kraftiga stötar och avleder värme för långvarig prestanda.
 
 Vanligt SD-kort
 10 N böjningstest
 
 ARMOR SD-kort
 370 N böjningstest
 
 *Baserade på interna tester. Faktisk prestanda kan variera.","Normal SD Kartlara Göre 37 Kat Daha Güçlü
 
 370 Newton'a kadar (normal bir hafıza kartından 37 kat daha yüksek) bükülme testine tutulan bu tasarım, uzun süreli performans için kartın ağır darbelere dayanabilmesini ve ısıyı dağıtmasını sağlar.
 
 Normal SD Kart
 10 N Bükme Testi
 
 ARMOR SD Kart
 370 N Bükme Testi
 
 *Dâhili test sonuçlarına göre. Gerçek performans değişiklik gösterebilir.",,,,,,,,
,"Safeguards Your Card Against Damage

Equipped with an IP68 rating, the Lexar® ARMOR GOLD SDXC™ UHS-II Card safeguards your card against dust, debris, and water damage. It’s also certified to withstand drops of up to five meters.

5m Drop-Resistance
IPX8 Water-Resistance
IP6X Dust-Resistance

*Based on internal testing. Actual performance may vary.","Schützt Ihre Karte vor Beschädigung
 
 Die Lexar® ARMOR GOLD SDXC™ UHS-II Karte mit IP68 Zertifizierung schützt Ihre Karte vor Staub, Schmutz und Wasserschäden. Sie ist außerdem zertifiziert, um Stürze aus bis zu fünf Metern Höhe zu überstehen.
 
 5m Sturzfest
 IPX8 Wasserdicht
 IP6X Staubdicht
 
 *Basierend auf internen Tests. Die tatsächliche Geschwindigkeit kann variieren.","Protège votre carte contre les dommages
 
 Dotée d'un indice IP68, la carte Lexar® ARMOR GOLD SDXC™ UHS-II protège votre carte contre la poussière, les débris et les dommages causés par l'eau. Elle est également certifiée pour résister à des chutes allant jusqu'à cinq mètres.
 
 Résistance aux chutes de 5 m
 Résistance à l'eau IPX8
 Résistance à la poussière IP6X
 
 *Basé sur des tests internes. Les performances réelles peuvent varier.","Protege su tarjeta contra daños
 
 Equipada con una clasificación IP68, la tarjeta Lexar® ARMOR GOLD SDXC™ UHS-II está protegida contra el polvo, los residuos y los daños por agua. También está certificada por soportar caídas de hasta 5 metros.
 
 Resistencia a caídas de hasta 5 m
 Resistencia al agua IPX8
 Resistencia al polvo IP6X
 
 *Con base en pruebas internas. El rendimiento real puede variar.","Protegge la scheda dai danneggiamenti
 
 La scheda SDXC™ UHS-II Lexar® ARMOR GOLD ha valutazione IP68 e protegge i tuoi dati da polvere, scorie, e acqua. È certificata per resistere a cadute fino a cinque metri.
 
 Resistente a cadute fino 5 m
 Resistente all'acqua IPX8
 Resistente alla polvere IP6X
 
 *Basato su verifiche interne. Le prestazioni effettive possono variare.","Chroni Twoją kartę przed uszkodzeniem
 
 Dzięki stopniowi ochrony IP68, karta Lexar® ARMOR GOLD SDXC™ UHS-II zapewnia ochronę przed kurzem, zanieczyszczeniami i wodą. Posiada także świadectwo odporności na upadki z wysokości do pięciu metrów.
 
 Odporność na upadki z wysokości do 5 m
 Wodoodporność IPX8
 Pyłoszczelność IP6X
 
 *Na podstawie testów wewnętrznych. Rzeczywiste osiągi mogą być inne.","يحمي بطاقتك من التلف
 
 تمتاز بطاقة Lexar® ARMOR GOLD SDXC™ UHS-II بتوافقها مع معيار IP68، مما يحميها من الغبار والأتربة والأضرار المائية. كما أنها مصممة لتحمل السقوط من ارتفاع يصل إلى خمسة أمتار.
 
 مقاومة للسقوط من ارتفاع 5 أمتار
 مقاومة للماء وفق معيار IPX8
 مقاومة للغبار وفق معيار IP6X
 
 *وفقًا لنتائج اختباراتنا الداخلية. قد يختلف الأداء الفعلي عن الأداء المذكور أو المقارن به.","カードを破損から保護
 
 IP68規格に準拠したLexar® ARMOR GOLD SDXC™ UHS-IIカードは、埃やごみ、水による損傷からカードを保護します。また、最大5メートルの落下にも耐えることが認定されています。
 
 5mの耐落下性
 IPX8の防水性
 IP6Xの防塵性
 
 *社内テストに基づいています。実際のパフォーマンスは異なる場合があります。","防水 防尘 防跌落
 
 IP68 防水防尘等级和 5 米防摔的性能，在户外拍摄时遇到极端天气、手滑误摔等意外情况时，ARMOR GOLD SD 卡可以保护您的存储卡不受损坏，保障存储卡内部的数据安全。
 
 5米防摔
 IPX8防水
 IP6X防尘
 
 *数据来源于Lexar质量实验室，实际性能因设备差异，可能有所不同。","防水、防塵、防摔
 
 IP68 防水防塵等級和 5 公尺防摔的效能，在戶外拍攝時遇到極端天氣、手滑誤摔等意外情況時，ARMOR GOLD SD 記憶卡可以保護您的記憶卡不受損壞，保障記憶卡內部資料的安全。
 
 5 公尺防摔
 IPX8 防水
 IP6X 防塵
 
 *數據來自 Lexar 品質實驗室，實際效能因設備差異，可能有所不同。","Bảo Vệ An Toàn Cho Thẻ Của Bạn Khỏi Hư Hại
 
 Được trang bị tiêu chuẩn IP68, Thẻ Lexar® ARMOR GOLD SDXC™ UHS-II bảo vệ an toàn cho thẻ của bạn khỏi bụi, mảnh vụn và hư hại do nước gây ra. Thẻ cũng đã được chứng nhận có thể chống chịu va đập khi rơi từ độ cao lên tới năm mét.
 
 Chống Va Đập Khi Rơi ở độ cao 5m
 Chống Nước IPX8
 Chống Bụi IP6X
 
 *Dựa trên kết quả thử nghiệm của chúng tôi. Hiệu năng thực tế có thể khác biệt.","Beschermt uw kaart tegen schade
 
 De Lexar® ARMOR GOLD SDXC™ UHS-II-kaart met IP68-klassificatie beschermt uw kaart tegen stof-, vuil- en waterschade. Het is ook gecertificeerd om bestand te zijn tegen vallen tot vijf meter.
 
 5 meter valbestendig
 IPX8-waterbestendig
 IP6X-stofbestendig
 
 *Gebaseerd op interne tests. Daadwerkelijke prestaties kunnen variëren.","Skyddar kortet mot skador
 
 Lexar® ARMOR GOLD SDXC™ UHS-II-kort har en IP68-klassificering, vilket betyder att kortet är skyddat mot damm, smuts och vattenskador. Det är även certifierat att klara fall på upp till fem meter.
 
 5 m fallskydd
 IPX8 tryckvattentät
 IP6X dammtät
 
 *Baserade på interna tester. Faktisk prestanda kan variera.","Hasara Karşı Kartınızı Korur
 
 IP68 derecesine sahip Lexar® ARMOR GOLD SDXC™ UHS-II Kart, kartınızı toza, döküntülere ve su hasarına karşı korur. Ayrıca beş metre yüksekliğe kadar düşmeye dayanıklı olduğu onaylanmıştır.
 
 5 M Düşme Direnci
 IPX8 Su Direnci
 IP6X Toz Direnci
 
 *Dâhili test sonuçlarına göre. Gerçek performans değişiklik gösterebilir.",,,,,,,,
,"Superior Reliability for Superior Professionals

Built for exceptional reliablity, it features anti-magnetic, anti-static, X-ray protection, and is UV proof, to transcend all challenges in shooting. Its super protections and entensive compatibility makes it an ideal choice for professionals.

Anti Magnetic
Anti Static 
Temperature Resistance
X-ray Protection
UV Proof
Wide Compatibility","Überragende Zuverlässigkeit für überragende Profis
 
 Entwickelt für außergewöhnliche Zuverlässigkeit, mit antimagnetischem, antistatischem Röntgenschutz und UV-Beständigkeit, ist sie allen Herausforderungen während der Aufnahme gewachsen. Ihr hervorragender Schutz und ihre umfassende Kompatibilität machen sie zur idealen Wahl für Profis.
 
 Antimagnetisch
 Antistatisch 
 Temperaturbeständig
 Röntgensicher
 UV-beständig
 Breite Kompatibilität","Une fiabilité supérieure pour des professionnels de haut niveau
 
 Conçue pour une fiabilité exceptionnelle, elle est dotée d'une protection antimagnétique, antistatique et contre les rayons X, et résistante aux UV, afin de relever tous les défis de la prise de vue. Ses protections exceptionnelles et sa compatibilité étendue en font un choix idéal pour les professionnels.
 
 Anti magnétique
Anti statique 
Résistance à la température
Protection contre les rayons X
Résistance aux UV
Large compatibilité","Confiabilidad superior para profesionales superiores
 
 Fabricada para una confiabilidad excepcional, esta tarjeta cuenta con protección antimagnética, antiestática y de rayos X, y es a prueba de rayos UV, a fin de superar todos los desafíos al fotografiar. Sus superprotecciones y compatibilidad extensiva la hacen una opción ideal para los profesionales.
 
 Antimagnética
 Antiestática 
 Resistencia a la temperatura
 Protección de rayos X
 A prueba de rayos UV
 Amplia compatibilidad","Affidabilità superiore per professionisti superiori
 
 È costruita per essere affidabilissima, e resiste a campi magnetici, elettricità statica, raggi X e raggi UV - puoi scattare in qualunque situazione. Grazie alle ottime protezioni e alla vasta compatibilità è la scelta perfetta per i professionisti.
 
 Resistenza ai campi magnetici
 Resistenza all’elettricità statica 
 Resistenza alla temperatura
 Resistenza ai raggi X
 Resistenza ai raggi UV
 Ampia compatibilità","Najwyższa niezawodność dla najlepszych profesjonalistów
 
 Kartę zaprojektowano z myślą o wyjątkowej niezawodności, wyposażono w zabezpieczenia antymagnetyczne, antystatyczne, chroniące przed promieniowaniem rentgenowskim oraz UV i dlatego podczas fotografowania sprosta każdemu wyzwaniu. Doskonałe zabezpieczenia i szeroki wachlarz obsługiwanych urządzeń sprawiają, że jest to idealny wybór dla profesjonalistów.
 
 Ochrona antymagnetyczna
 Ochrona antystatyczna 
 Odporność na temperatury
 Odporność na promieniowanie rentgenowskie
 Odporność na promieniowanie UV
 Szeroki wachlarz obsługiwanych urządzeń","الموثوقية الفائقة للمحترفين المتميزين
 
 مصممة لتحقيق موثوقية استثنائية، حيث تتميز البطاقة بمقاومة للمجال المغناطيسي والكهرباء الساكنة والأشعة السينية، كما أنها مقاومة للأشعة فوق البنفسجية، لتتجاوز جميع تحديات التصوير. إن حمايتها الفائقة والتوافق الواسع يجعلها الخيار الأمثل للمحترفين.
 
 مقاومة للمجال المغناطيسي
 مضاد للكهرباء الساكنة 
 مقاومة درجات الحرارة
 مقاومة للأشعة السينية
 مقاومة للأشعة فوق البنفسجية
 التوافق على نطاق واسع","優れたプロフェッショナルのための卓越した信頼性
 
 耐磁性、耐静電気、耐X線、耐紫外線の機能を備え、撮影におけるあらゆる課題を克服し、卓越した信頼性を実現します。その優れた保護性能と広範な互換性により、プロフェッショナルに理想的な製品となっています。
 
 耐磁性
 耐静電気 
 耐温度
 耐X線
 耐紫外線
 幅広い互換性","可靠耐用 专业摄影师之选
 
 除了高强度使用场景下的坚固耐用性能之外，ARMOR SD 卡也能应对日常生活中的种种场景，如防磁、防静电、耐高低温、防 X 射线、防紫外线等防护性能，品质更可靠耐用。同时兼容支持 UHS-II 存储卡的主流相机，是专业摄影师的理想选择。
 
 防磁
 防静电
 耐高低温
 防X射线
 防紫外线
 广泛兼容
 
 *数据来源于Lexar质量实验室，实际性能因设备差异，可能有所不同。","可靠耐用，專業攝影師首選
 
 除了高強度使用場景下的堅固耐用效能之外，ARMOR SD 記憶卡也能應付日常生活中的種種場景，如防磁、防靜電、耐高低溫、防 X 射線、防紫外線等防護效能，品質更可靠耐用。同時相容於支援 UHS-II 記憶卡的主流相機，是專業攝影師的理想選擇。
 
 防磁
 防靜電
 耐高低溫
 防 X 射線
 防紫外線
 廣泛相容
 
 *數據來自 Lexar 品質實驗室，實際效能因設備差異，可能有所不同。","Tính Ổn Định Vượt Trội dành cho Chuyên Gia Cấp Cao
 
 Được thiết kế để mang lại độ tin cậy vượt trội, thẻ có tính năng kháng từ, kháng tĩnh điện, bảo vệ khỏi tia X và chống tia UV, giúp vượt qua mọi thử thách khi quay chụp. Khả năng bảo vệ tuyệt vời và tính tương thích cao giúp thẻ này trở thành lựa chọn lý tưởng cho các chuyên gia.
 
 Kháng Từ
 Kháng Tĩnh Điện 
 Chịu Nhiệt
 Bảo Vệ khỏi Tia X
 Chống Tia UV
 Khả Năng Tương Thích Cao","Superieure betrouwbaarheid voor superieure professionals
 
 Het product is gebouwd voor uitzonderlijke betrouwbaarheid, beschikt over antimagnetische, antistatische röntgenbescherming en is UV-bestendig om opnamen in de zwaarste omstandigheden aan te kunnen De superbescherming en uitgebreide compatibiliteit maken het een ideale keuze voor professionals.
 
 Anti-magnetisch
 Anti-statisch 
 Hitte-bestendig
 Röntgen-bescherming
 UV-bestendig
 Brede compatibiliteit","Överlägsen tillförlitlighet för överlägsna fackmän
 
 Det är byggt för exceptionell tillförlitlighet, har antimagnetiskt, antistatiskt röntgenskydd och är UV-säkert för att klara alla utmaningar vid fotografering och inspelning. Dess superskydd och omfattande kompatibilitet gör den till ett idealiskt val för fackmän.
 
 Antimagnetiskt
 Antistatiskt 
 Temperaturbeständigt
 Röntgenskyddat
 UV-skyddat
 Bred kompatibilitet","Üstün Profesyoneller için Üstün Güvenilirlik
 
 Sıra dışı güvenilirlik için üretilmiş kart, her türlü çekim zorluğunun üstesinden gelmek için anti manyetik, anti statik, X ışını koruması ve UV koruması gibi özelliklere sahiptir. Süper koruma kabiliyeti ve geniş uyumluluğu sayesinde profesyonellerin ideal tercihidir.
 
 Anti Manyetik
 Anti Statik 
 Isı Direnci
 X Işını Koruması
 UV Koruması
 Geniş Uyumluluk",,,,,,,,
,"Reinforced in Every Detail

Built without a fragile write-protect switch, the card also features a ribless design to further prevent breaks, and laser engravings replace manufacturing labels to ensure surface information never wears off.

Ribless Design

No Write-Protect Switch

Laser Engraving","Verstärkt bis ins kleinste Detail
 
 Die Karte hat keinen zerbrechlichen Schreibschutzschalter und ein rippenloses Design, um Brüche noch weiter zu vermeiden. Zudem stellen Lasergravuren anstelle von Herstelleretiketten sicher, dass die Angaben auf der Oberfläche niemals abblättern.
 
 Rippenloses Design
 
 Kein Schreibschutzschalter
 
 Lasergravur","Renforcée dans les moindres détails
 
 Construite sans interrupteur fragile de protection contre l'écriture, la carte présente également une conception sans nervure pour éviter les ruptures, et des gravures au laser remplacent les étiquettes de fabrication pour garantir que les informations de surface ne s'effacent jamais.
 
 Conception sans nervures
 
 Pas d'interrupteur de protection contre l'écriture
 
 Gravure au laser","Reforzada en cada detalle
 
 Fabricada sin un frágil interruptor de protección contra escritura, la tarjeta también cuenta con un diseño sin rascaduras para evitar aún más roturas y etiquetas de fabricación reemplazadas con grabado en láser para garantizar que la información de superficie nunca se desgaste.
 
 Diseño sin rascaduras
 
 Sin interruptor de protección contra escritura
 
 Grabado en láser","Rinforzata in ogni dettaglio
 
 La scheda è costruita senza un fragile interruttore di protezione dalla scrittura, e senza indentature per evitare che si rompa. Incisioni laser sostituiscono le etichette di produzione perché le informazioni non vengano mai cancellate.
 
 Senza indentature
 
 Senza interruttore di protezione dalla scrittura
 
 Incisioni laser","Wzmocniona w każdym detalu
 
 Karta ta nie posiada delikatnego wyłącznika zabezpieczającego przed zapisem a jej konstrukcja jest pozbawiona żeberek, co zapobiega uszkodzeniom. Etykiety produkcyjne zastąpiono laserowym grawerunkiem, dzięki czemu informacje znajdujące się z przodu karty nigdy nie znikną.
 
 Konstrukcja bez żeberek
 
 Brak wyłącznika zabezpieczającego przed zapisem
 
 Laserowy grawerunek","معززة في كل تفاصيلها
 
 تم تصميم البطاقة بدون مفتاح الحماية من الكتابة الهش، كما تتميز بتصميم خالٍ من الأضلاع لمنع الكسر، ويتم استخدام النقش بالليزر بدلاً من الملصقات المصنعة لضمان عدم تآكل المعلومات على السطح.
 
 تصميم خالٍ من الأضلاع
 
 بدون مفتاح حماية من الكتابة
 
 نقش بالليزر","あらゆる細部に至るまで強化
 
 壊れやすい書き込み防止スイッチを排除して構築されたこのカードは、さらに破損を防止するリブレス設計を採用し、レーザー刻印で製造ラベルを置き換え、表面の情報が失われることがありません。
 
 リブレス設計
 
 書き込み防止スイッチなし
 
 レーザー刻印","结构更简单 细节更抗造
 
 ARMOR GOLD SD 卡取消了易脱落的传统小白键 (写入保护开关) 和背面接口处的塑料挡边，避免因频繁使用而造成的断裂、脱落。镭雕卡面，即使多次拔插使用也不会造成卡表面信息磨损，可靠性大幅度提升。
 
 无塑料挡边
 更耐用
 
 无写入保护开关
 更可靠
 
 镭雕工艺
 更耐磨损","結構更簡單，細節經久耐用
 
 ARMOR GOLD SD 記憶卡取消了易脫落的傳統小白鍵 (寫入保護開關) 和背面介面處的塑膠擋邊，避免頻繁使用而造成斷裂、脫落。卡片表面採用雷射雕刻，即使多次拔插使用也不會造成卡片表面資訊磨損，可靠性大幅提升。
 
 無塑膠擋邊
 更耐用
 
 無寫入保護開關
 更可靠
 
 雷射雕刻製程
 更耐磨損","Tăng Cường ở Mọi Chi Tiết
 
 Ngoài bỏ qua nút chuyển chống ghi dễ vỡ, thẻ còn có thiết kế không gờ để tăng thêm khả năng chống gãy vỡ, đồng thời nhãn sản xuất được thay thế bằng dấu khắc laser để đảm bảo thông tin trên bề mặt không bao giờ bị mờ đi.
 
 Thiết Kế Không Gờ
 
 Bỏ Qua Nút Chuyển Chống Ghi
 
 Dấu Khắc Laser","Een krachtpatser tot in de kleinste details
 
 De kaart is gebouwd zonder een kwetsbare schrijfbeveiligingsschakelaar en heeft een ribloos ontwerp om breuken te voorkomen. Lasergravures vervangen productielabels om ervoor te zorgen dat oppervlakte-informatie nooit verslijt.
 
 Ribloos ontwerp
 
 Geen schrijfbeveiligingsschakelaar
 
 Lasergravuur","Förstärkt i varje detalj
 
 Kortet är byggt utan en ömtålig skrivskyddsbrytare och har även en slät design för att ytterligare förhindra att det går sönder och lasergravyrer ersätter tillverkningsetiketter för att säkerställa att information aldrig försvinner.
 
 Slät design
 
 Ingen skrivskyddsbrytare
 
 Lasergravyr","Her Detayı Güçlendirilmiş
 
 Kırılgan bir yazma koruma anahtarı olmadan üretilen kart, bozulmaları daha da önlemek için kontak ayırıcısız bir tasarıma sahiptir ve yüzey bilgilerinin asla aşınmamasını sağlamak için üretim etiketlerinin yerine lazer gravürler vardır.
 
 Kontak Ayırıcısız Tasarım
 
 Yazma Koruma Anahtarı Yok
 
 Lazer Gravür",,,,,,,,
,"Record High-Res 6K Video Seamlessly

Classified with a V60 video recording speed, the Lexar® ARMOR GOLD SDXC™ UHS-II Card can record up to 6K 30P videos and a write speed of 210MB/s* ensures less lag and no frame drops.

Write speed up to 210MB/s

*Based on internal testing. Actual performance may vary.","Nahtlose Aufnahme von hochauflösenden 6K Videos
 
 Die Lexar® ARMOR GOLD SDXC™ UHS-II Karte entspricht der V60 Klassifizierung für Videoaufnahmen und kann bis zu 6K 30P Videos aufzeichnen. Die Schreibgeschwindigkeit von 210 MB/s* sorgt zudem für weniger Verzögerung und keine Bildaussetzer.
 
 Schreibgeschwindigkeit bis zu 210MB/s
 
 *Basierend auf internen Tests. Die tatsächliche Geschwindigkeit kann variieren.","Enregistrez des vidéos 6K
 haute résolution en toute transparence
 
 Classée avec une vitesse d'enregistrement vidéo V60, la carte Lexar® ARMOR GOLD SDXC™ UHS-II peut enregistrer des vidéos 6K 30P et une vitesse d'écriture de 210 Mo/s* garantit moins de décalage et pas de perte d'images.
 
 Vitesse d'écriture jusqu'à 210 Mo/s
 
 *Basé sur des tests internes. Les performances réelles peuvent varier.","Graba video 6K de alta resolución sin problemas
 
 Clasificada con una velocidad de grabación de video V60, la tarjeta Lexar® ARMOR GOLD SDXC™ UHS-II puede grabar videos de hasta 6K 30P y con una velocidad de escritura de 210 MB/s*, y se garantiza menos demora y que no se pierdan fotogramas.
 
 Velocidad de escritura de hasta 210 MB/s
 
 *Con base en pruebas internas. El rendimiento real puede variar.","Registra senza interruzioni video in 6K in alta risoluzione
 
 La scheda SDXC™ UHS-II Lexar® ARMOR GOLD è classificata con velocità di registrazione video V60, e può registrare video fino a 6K 30P; grazie alla velocità di scrittura di 210 MB/s* c’è meno lag e non si perde un solo fotogramma.
 
 Velocità di scrittura fino a 210 MB/s
 
 *Basato su verifiche interne. Le prestazioni effettive possono variare.","Nagrywaj płynnie wideo o wysokiej rozdzielczości 6K
 
 Karta Lexar® ARMOR GOLD SDXC™ UHS-II, zakwalifikowana jako karta o prędkości nagrywania V60, umożliwia nagrywanie filmów w rozdzielczości do 6K 30P, a prędkość zapisu 210 MB/s* zapewnia mniejsze opóźnienia i brak utraty klatek.
 
 Szybkość zapisu do 210 MB/s
 
 *Na podstawie testów wewnętrznych. Rzeczywiste osiągi mogą być inne.","تسجل مقاطع فيديو عالية الدقة 6K بسلاسة
 
 هذه البطاقة مصنفة بسرعة تسجيل فيديو V60، لذلك يمكن لبطاقة Lexar® ARMOR GOLD SDXC™ UHS-II تسجيل مقاطع فيديو 6K 30P بسرعة كتابة تصل إلى 210 ميجابايت/ثانية مما يضمن تأخيرًا أقل وعدم حدوث انقطاع في الإطارات.
 
 سرعة كتابة تصل إلى 210 ميجابايت/ثانية
 
 *وفقًا لنتائج اختباراتنا الداخلية. قد يختلف الأداء الفعلي عن الأداء المذكور أو المقارن به.","ハイレゾ6K動画のシームレスな撮影
 
 ビデオスピードクラスV60に分類されるLexar® ARMOR GOLD SDXC™ UHS-IIカードは、最大6K 30Pの動画を記録でき、最大ライト210MB/s*でラグを減少し、コマ落ちがありません。
 
 最大ライト速度210MB/s
 
 *社内テストに基づいています。実際のパフォーマンスは異なる場合があります。","6K 大作 信手拈来
 
 ARMOR GOLD SD 卡符合 V60 视频速度等级，写入速度高达 210MB/s，可录制高达 6K 30P 的视频，更高清的视频录制性能，提升视频拍摄体验。
 
 写入速度高达210MB/s*
 
 *数据来源于Lexar质量实验室，实际性能因设备差异，可能有所不同。","高解析度 6K 影片，流暢錄製
 
 ARMOR GOLD SD 記憶卡符合 V60 影片速度等級，寫入速度高達 210MB/s，可錄製高達 6K 30P 的影片，更高解析度的影片錄製效能，提升影片錄製體驗。
 
 寫入速度高達 210MB/s*
 
 *數據來自 Lexar 品質實驗室，實際效能因設備差異，可能有所不同。","Ghi Hình Video Mượt Mà ở Độ Phân Giải Cao 6K
 
 Với tốc độ ghi hình video được phân loại ở cấp V60, Thẻ Lexar® ARMOR GOLD SDXC™ UHS-II có thể ghi hình video lên tới 6K 30P, đồng thời tốc độ ghi 210MB/giây* đảm bảo độ trễ thấp và không xảy ra tình trạng mất khung hình.
 
 Tốc độ ghi lên đến 210MB/giây
 
 *Dựa trên kết quả thử nghiệm của chúng tôi. Hiệu năng thực tế có thể khác biệt.","Naadloos 6K-video met hoge resolutie opnemen
 
 De Lexar® ARMOR GOLD SDXC™ UHS-II-kaart, geclassificeerd met een V60-video-opnamesnelheid, kan tot 6K 30P-video's opnemen en een schrijfsnelheid van 210 MB/s* zorgt voor minder vertraging zonder framedrops.
 
 Schrijfsnelheid tot 210MB/s
 
 *Gebaseerd op interne tests. Daadwerkelijke prestaties kunnen variëren.","Spela in högupplöst 6K-video sömlöst
 
 Lexar® ARMOR GOLD SDXC™ UHS-II-kort har klassificerats med en V60-videoinspelningshastighet och kan spela in upp till 6K 30P-videor och med en skrivhastighet på 210 MB/s* garanteras mindre fördröjning och att bildrutor inte faller bort.
 
 Skrivhastighet upp till 210 MB/s
 
 *Baserade på interna tester. Faktisk prestanda kan variera.","Sorunsuzca Yüksek Çözünürlüklü 6K Videolar Çekin
 
 V60 video kayıt hızı sınıfındaki Lexar® ARMOR GOLD SDXC™ UHS-II Kart, 6K 30P video kaydı yapabilme ve 210 MB/s'ye* varan yazma hızıyla daha az gecikme sağlar ve kare düşüşü olmaz.
 
 210 MB/s'ye varan yazma hızı
 
 *Dâhili test sonuçlarına göre. Gerçek performans değişiklik gösterebilir.",,,,,,,,
,"Boost Your Post-Production Efficiency

Read speed up to 280MB/s* quickly and reliably transfers photos and videos so you can offload and get back out in the field.

Read speed up to 280MB/s

*Based on internal testing. Actual performance may vary.","Steigern Sie die Effizienz Ihrer Postproduktion
 
 Die Lesegeschwindigkeit von bis zu 280 MB/s* sorgt für eine schnelle und zuverlässige Übertragung von Fotos und Videos, so dass Sie Ihre Fotos und Videos auslagern und sofort wieder vor Ort sein können.
 
 Lesegeschwindigkeit bis zu 280MB/s
 
 *Basierend auf internen Tests. Die tatsächliche Geschwindigkeit kann variieren.","Améliorez votre
 efficacité en post-production
 
 La vitesse de lecture jusqu'à 280 Mo/s* permet de transférer rapidement et de manière fiable les photos et les vidéos afin que vous puissiez les décharger et retourner sur le terrain.
 
 Vitesse de lecture jusqu'à
 280 Mo/s
 
 *Basé sur des tests internes. Les performances réelles peuvent varier.","Refuerza su eficiencia en la posproducción
 
 Con una velocidad de lectura de hasta 280 MB/s*, puede transferir con rapidez y confiabilidad fotos y videos para que usted pueda descargar y regresar al campo.
 
 Velocidad de lectura de hasta 280 MB/s
 
 *Con base en pruebas internas. El rendimiento real puede variar.","Migliora l’efficienza in post-produzione
 
 Grazie alla velocità di lettura fino a 280 MB/s* puoi trasferire foto e video velocemente e con totale affidabilità, per scaricare i file e tornare a scattare.
 
 Velocità di lettura fino a 280 MB/s
 
 *Basato su verifiche interne. Le prestazioni effettive possono variare.","Zwiększ wydajność postprodukcji
 
 Dzięki szybkości odczytu do 280 MB/s*, która pozwala na szybki i niezawodny transfer zdjęć i filmów, możesz je szybko ściągnąć i wrócić do pracy w terenie.
 
 Szybkość odczytu do 280 MB/s
 
 *Na podstawie testów wewnętrznych. Rzeczywiste osiągi mogą być inne.","تعزيز كفاءة مرحلة ما بعد الإنتاج
 
 سرعة قراءة تصل إلى 280 ميجابايت/ثانية تتيح لك نقل الصور ومقاطع الفيديو بسرعة واعتمادية عالية، مما يتيح لك تفريغ البيانات والعودة إلى العمل الميداني في وقت قصير.
 
 سرعة قراءة تصل إلى 280 ميجابايت/ثانية
 
 *وفقًا لنتائج اختباراتنا الداخلية. قد يختلف الأداء الفعلي عن الأداء المذكور أو المقارن به.","ポストプロダクションの効率を向上
 
 最大リード280MB/s*のスピードで写真や動画を確実に転送できるため、データを素早くオフロードして現場に戻ることができます。
 
 最大リード速度280MB/s
 
 *社内テストに基づいています。実際のパフォーマンスは異なる場合があります。","高效后期 大作速传
 
 搭配 UHS-II 接口读卡器，读取速度高达 280MB/s，高效传输照片和视频素材。
 
 读取速度高达280MB/s*
 
 *数据来源于Lexar质量实验室，实际性能因设备差异，可能有所不同。","高效後製，極速傳送
 
 搭配 UHS-II 介面讀卡機，讀取速度高達 280MB/s，高效傳輸照片和影片素材。
 
 讀取速度高達 280MB/s*
 
 *數據來自 Lexar 品質實驗室，實際效能因設備差異，可能有所不同。","Thúc Đẩy Hiệu Quả Công Tác Hậu Kỳ
 
 Tốc độ đọc lên đến 280MB/giây* giúp truyền tải ảnh và video nhanh chóng và đáng tin cậy để bạn có thể tải xuống dữ liệu và tiếp tục công việc trở lại.
 
 Tốc độ đọc lên đến 280MB/giây
 
 *Dựa trên kết quả thử nghiệm của chúng tôi. Hiệu năng thực tế có thể khác biệt.","Verhoog uw post-productie-efficiëntie
 
 Leessnelheden tot 280 MB/s* zetten foto's en video's snel en betrouwbaar over, zodat u snel kunt offloaden en weer door kunt gaan.
 
 Leessnelheid tot 280MB/s
 
 *Gebaseerd op interne tests. Daadwerkelijke prestaties kunnen variëren.","Öka din efterproduktionseffektivitet
 
 Läshastighet upp till 280 MB/s* för snabb och tillförlitlig överföring av foton och videor så att du snabbt kan flytta bilder och filmer och fortsätta jobba.
 
 Läshastighet upp till 280 MB/s
 
 *Baserade på interna tester. Faktisk prestanda kan variera.","Post Prodüksiyon Verimliliğinizi Artırın
 
 280 MB/s'ye* varan okuma hızı sayesinde fotoğrafları ve videoları hem hızlı hem de güvenli şekilde aktararak sizin hızlıca işinize geri dönmenizi sağlar.
 
 280 MB/s'ye varan okuma hızı
 
 *Dâhili test sonuçlarına göre. Gerçek performans değişiklik gösterebilir.",,,,,,,,
,"Recover Your Data with the Lexar Recovery Tool

Get lifetime access to the Lexar Recovery Tool to help restore accidentally deleted files and formatted cards or drives plus a limited lifetime warranty*.

*Limited lifetime warranty is limited to 10 years from purchase in Germany and regions not recognizing lifetime warranty.","Stellen Sie Ihre Daten mit dem Lexar Recovery Tool wieder her
 
 Erhalten Sie lebenslangen Zugriff auf das Lexar Recovery Tool, um versehentlich gelöschte Dateien und formatierte Karten oder Laufwerke wiederherzustellen, sowie eine beschränkte lebenslange Garantie*.
 
 
 *Die beschränkte lebenslange Garantie ist auf 10 Jahre ab Kaufdatum in Deutschland und Regionen, die keine lebenslange Garantie anerkennen, begrenzt.","Récupérez vos données avec
 Lexar Recovery Tool
 
 Bénéficiez d'un accès à vie à Lexar Recovery Tool pour aider à restaurer les fichiers supprimés et les cartes ou lecteurs formatés accidentellement, ainsi que d'une garantie à vie limitée*.
 
 
 *La garantie à vie limitée est limitée à 10 ans pour les achats en Allemagne et dans les régions ne reconnaissant pas la garantie à vie.","Recupera sus datos con Lexar Recovery Tool
 
 Disfrute del acceso de por vida a Lexar Recovery Tool para ayudar a restaurar archivos borrados y tarjetas o unidades formateadas accidentalmente, además de una garantía limitada de por vida*.
 
 
 *La garantía limitada de por vida se restringe a 10 años para la compra en Alemania y en otras regiones que no reconocen garantías de por vida.","Recupera i tuoi dati con il Lexar Recovery Tool
 
 Accesso a vita al Lexar Recovery Tool per recuperare i file eliminati per sbaglio e ripristinare le schede o le unità di archiviazione formattate; e c’è anche una garanzia limitata a vita*.
 
 
 *La garanzia limitata a vita è limitata a 10 anni per l'acquisto in Germania e nelle regioni in cui non è riconosciuta la garanzia a vita.","Odzyskuj swoje dane za pomocą narzędzia do odzyskiwania danych Lexar
 
 Uzyskaj dożywotni dostęp do narzędzia do odzyskiwania danych Lexar, aby móc przywracać przypadkowo usunięte pliki i sformatowane karty lub napędy oraz dożywotnią ograniczoną gwarancję*.
 
 
 *Ograniczona dożywotnia gwarancja obowiązuje do 10 lat w przypadku  zakupu w Niemczech oraz w regionach nieuznających dożywotniej gwarancji.","استعادة بياناتك باستخدام أداة استرداد بيانات Lexar
 
 احصل على إمكانية الوصول مدى الحياة إلى أداة استعادة بيانات Lexar للمساعدة في استعادة الملفات المحذوفة عن طريق الخطأ والبطاقات أو محركات الأقراص التي تم تنسيقها بالإضافة إلى ضمان محدود مدى الحياة*.
 
 
 *الضمان المحدود مدى الحياة يقتصر على 10 سنوات للشراء في ألمانيا والمناطق التي لا تعترف بالضمان مدى الحياة.","Lexar Recovery Toolでデータを復元
 
 Lexar Recovery Toolへの無期限アクセスにより、うっかり削除してしまったファイルや、フォーマットされたカードやドライブを復元することができ、制限付き無期限保証も提供されています*。
 
 
 *制限付き無期限保証はドイツおよび無期限保証を認めていない地域では購入日から10年間に限定されます。","专业数据恢复软件
 终身免费使用
 
 Lexar 雷克沙用户可终身免费使用 Lexar Recovery Tool 数据恢复软件，快速恢复意外删除的和误格式化的素材文件。","專業資料復原軟體
 終身免費使用
 
 Lexar 使用者可終身免費使用 Lexar Recovery Tool 資料復原軟體，快速恢復意外刪除和誤格式化的素材檔案。","Khôi Phục Dữ Liệu bằng Công Cụ Khôi Phục của Lexar
 
 Nhận quyền truy cập trọn đời vào Công Cụ Khôi Phục của Lexar để giúp phục hồi các tệp vô tình bị xóa và thẻ hoặc ổ đĩa được định dạng nhầm, cộng thêm chính sách bảo hành trọn đời có giới hạn*.
 
 
 *Chính sách bảo hành trọn đời có giới hạn chỉ kéo dài 10 năm đối với sản phẩm mua ở Đức và các khu vực không chấp nhận bảo hành trọn đời.","Herstel uw gegevens snel met de Lexar-hersteltool
 
 Profiteer van levenslange toegang tot de Lexar-hersteltool om per ongeluk verwijderde bestanden en geformatteerde kaarten of schijven te herstellen, plus een beperkte levenslange garantie*.
 
 
 *Beperkte levenslange garantie is beperkt tot 10 jaar bij aankoop in Duitsland en regio's die geen levenslange garantie erkennen.","Återställ data med Lexar återställningsverktyg
 
 Få livstidsåtkomst till Lexar återställningsverktyg för att återställa oavsiktligt raderade filer och formaterade kort eller enheter plus en begränsad livstidsgaranti*.
 
 
 *Begränsad livstidsgaranti är begränsad upp till 10 år för inköp i Tyskland och regioner som inte erkänner livstidsgaranti.","Lexar Kurtarma Aracı İle Verilerinizi Kurtarın
 
 Kazayla silinmiş dosyalarınızı, formatlanmış kartlarınızı ve sürücülerinizi kurtarmanıza yardımcı olan Lexar Kurtarma Aracına ömür boyu erişim sağlayın ve sınırlı ömür boyu garantiye sahip olun.
 
 
 *Sınırlı ömür boyu garanti, Almanya ve ömür boyu garantiyi tanımayan bölgeler için 10 yılla sınırlıdır.",,,,,,,,
,"Q&A about ARMOR Series SD Cards

Is the stainless steel SD card too thick? Will it cause damage to the camera card slot?
The ARMOR SD card meets the thickness requirements of the SD Association (SDA), which requires the card thickness within 2.1 ± 0.15mm, and the actual thickness of the ARMOR SD card meets the standard. Meanwhile, Lexar conducted 10,000 insertion and extraction tests on the ARMOR SD card. It can be safely used in the camera card slot and will not cause damage to the card slot.

Will the stainless steel case get hot after being used for a long time? Will recording stop due to the SD Card overheating?
The operating temperature range of the ARMOR SD card is from -25°C to 85°C, and the maximum normal operating temperature of mainstream cameras is -15℃ to 60°C. This indicates that the ARMOR SD card can operate in the most extreme working environment, and there will be no situation where recording stops due to the memory card itself being too hot.

Will static electricity affect the card performance?
During the anti-static tests in the Lexar Quality Laboratory, the test results show that the static electricity generated in daily life will not cause damage to the memory card or affect its performance. (Test result: air discharge at ±4KV and contact discharge at ±4KV. The static electricity value generated in daily use in winter is approximately 3KV.)


Is this memory card compatible with Mac SD card slots? Will there be recognition issues?
MacBook's built-in SD card slots vary by chip version, and certain models may intermittently fail to recognize cards . If restarting your device does not resolve the issue, we recommend using an external UHS-II card reader — specifically the Lexar Professional UHS-II model (USB 3.1 Gen 2) — to ensure full-speed performance and seamless compatibility.

","F&A über SD-Karten der ARMOR Serie
 
 Ist die Edelstahl SD-Karte zu dick? Wird der Karteneinschub beschädigt?
 Die ARMOR SD-Karte erfüllt die Dickenanforderungen der SD Association (SDA), die eine Kartendicke von 2,1 ± 0,15 mm vorschreibt. Die Dicke der ARMOR SD-Karte entspricht dem Standard. Lexar hat 10.000 Steck- und Entnahmetests an der ARMOR SD-Karte durchgeführt. Sie kann sicher im Karteneinschub der Kamera verwendet werden und beschädigt den Karteneinschub nicht.
 
 Wird das Edelstahlgehäuse nach längerem Gebrauch heiß? Hält die Aufnahme an, wenn die SD-Karte überhitzt?
 Der Betriebstemperaturbereich der ARMOR SD-Karte reicht von -25°C bis 85°C, während die maximale normale Betriebstemperatur von normalen Kameras bei -15°C bis 60°C liegt. Dies deutet darauf hin, dass die ARMOR SD-Karte in den extremsten Arbeitsumgebungen eingesetzt werden kann und es keine Situation gibt, in der die Aufzeichnung stoppt, weil die Speicherkarte selbst zu heiß wird.
 
 Beeinträchtigt statische Elektrizität die Leistung der Karte?
 Die Testergebnisse der Antistatiktests im Lexar Quality Laboratory zeigen, dass die im Alltag entstehende statische Elektrizität die Speicherkarte nicht beschädigt oder ihre Leistung beeinträchtigt. (Testergebnis: Luftentladung bei ±4 kV und Kontaktentladung bei ±4 kV. Die statische Elektrizität, die im täglichen Gebrauch im Winter auftritt, beträgt ca. 3 kV).

Ist diese Speicherkarte mit Mac SD-Kartensteckplätzen kompatibel? Wird es Probleme bei der Erkennung geben?
Die integrierten SD-Kartensteckplätze des MacBook variieren je nach Chipversion. Bestimmte Modelle können Karten manchmal nicht erkennen. Wenn der Neustart Ihres Geräts das Problem nicht behebt, empfehlen wir die Verwendung eines externen UHS-II Kartenlesers — insbesondere des Lexar Professional UHS-II Modells (USB 3.1 Gen 2) — um eine Leistung mit voller Geschwindigkeit und eine nahtlose Kompatibilität zu gewährleisten.","Q&R sur les cartes SD de la série ARMOR
 
 La carte SD en acier inoxydable est-elle trop épaisse ? Risque-t-elle d'endommager l’emplacement pour carte de l'appareil photo ?
 La carte SD ARMOR répond aux exigences d'épaisseur de la SD Association (SDA), qui exige que l'épaisseur de la carte soit comprise entre 2,1 ± 0,15 mm, et l'épaisseur réelle de la carte SD ARMOR est conforme à la norme. Par ailleurs, Lexar a effectué 10 000 tests d'insertion et d'extraction sur la carte SD ARMOR. Elle peut être utilisée en toute sécurité dans l’emplacement pour carte de l'appareil photo et ne l'endommagera pas.
 
 Le boîtier en acier inoxydable chauffe-t-il après une utilisation prolongée ? L'enregistrement s'arrêtera-t-il en raison de la surchauffe de la carte SD ?
 La plage de température de fonctionnement de la carte SD ARMOR est comprise entre -25°C et 85°C, et la température de fonctionnement normale maximale des appareils photo grand public est comprise entre -15℃ et 60°C. Cela signifie que la carte SD ARMOR peut fonctionner dans l'environnement de travail le plus extrême, et qu'il n'y aura pas de situation où l'enregistrement s'arrêtera en raison d'une surchauffe de la carte mémoire elle-même.
 
 L'électricité statique affecte-t-elle les performances de la carte ?
 Lors des tests antistatiques effectués dans le laboratoire de qualité Lexar, les résultats des tests montrent que l'électricité statique générée dans la vie quotidienne n'endommagera pas la carte mémoire et n'affectera pas ses performances. (Résultat du test : décharge dans l'air à ±4 KV et décharge par contact à ±4 KV. La valeur de l'électricité statique générée lors d'une utilisation quotidienne en hiver est d'environ 3 KV).

Cette carte mémoire est-elle compatible avec les emplacements pour carte SD des Mac ? Y aura-t-il des problèmes de reconnaissance ?
Les emplacements pour carte SD intégrés du MacBook varient selon la version de la puce, et certains modèles peuvent, par intermittence, ne pas reconnaître les cartes. Si le redémarrage de votre appareil ne résout pas le problème, nous vous recommandons d'utiliser un lecteur de carte UHS-II externe — en particulier le modèle Lexar Professional UHS-II (USB 3.1 Gen 2) — pour garantir des performances à pleine vitesse et une compatibilité parfaite..","Preguntas y respuestas sobre las tarjetas SD de la serie ARMOR
 
 ¿La tarjeta SD de acero inoxidable es demasiado gruesa? ¿Dañará la ranura para tarjetas de las cámaras?
 La tarjeta SD ARMOR cumple los requisitos de espesor de la Asociación SD (SDA, por sus siglas en inglés), que requiere una espesor de tarjeta dentro de 2,1 ± 0,15 mm, y el espesor real de la tarjeta SD ARMOR cumple la norma. Además, Lexar llevó a cabo 10 000 pruebas de inserción y extracción con la tarjeta SD ARMOR. Puede utilizarse de manera segura en la ranura para tarjetas de las cámaras y no provocará daños en la ranura para tarjetas.
 
 ¿La caja de acero inoxidable se calentará después de un uso prolongado? ¿Se detendrá la grabación debido al sobrecalentamiento de la tarjeta SD?
 El rango de temperaturas operativas de la tarjeta SD ARMOR es de -25 °C a 85 °C, y la temperatura operativa normal máxima de las cámaras principales es de -15 °C a 60 °C. En consecuencia, la tarjeta SD ARMOR puede funcionar en los entornos más extremos y no habrá ninguna situación donde se detenga la grabación debido al sobrecalentamiento de la tarjeta de memoria.
 
 ¿La electricidad estática afectará el rendimiento de la tarjeta?
 Durante las pruebas antiestáticas en el laboratorio de calidad de Lexar, los resultados han demostrado que la electricidad estática generada en la vida cotidiana no provocará daños en la tarjeta de memoria ni afectará su rendimiento. (Resultado de la prueba: descarga de aire a ±4 KV y descarga de contacto a ±4 KV. El valor de electricidad estática generado en el uso cotidiano en invierno es de aproximadamente 3 KV).

¿Es compatible esta tarjeta de memoria con las ranuras para tarjetas Mac SD? ¿Se producirán problemas de reconocimiento?
Las ranuras para tarjetas SD integradas del MacBook varían según la versión del chip, y algunos modelos podrían fallar de manera intermitente a la hora de reconocer las tarjetas. Si reiniciar el dispositivo no resuelve el problema, le recomendamos utilizar un lector de tarjetas UHS-II externo —concretamente el modelo Lexar Professional UHS-II (USB 3.1 Gen 2)— para garantizar un rendimiento de máxima velocidad y una compatibilidad perfecta.","Domande e risposte sulle schede SD serie ARMOR
 
 La scheda SD in acciaio inossidabile non è troppo spessa? Danneggerà la fessura della macchina fotografica?
 La scheda SD ARMOR è conforme ai requisiti di spessore della SD Association (SDA), cioè di 2,1 ± 0,15 m. Lexar ha condotto 10.000 test di estrazione ed inserimento della scheda SD ARMOR. La si può usare tranquillamente nella fessura di lettura della macchina fotografica, non la danneggerà.
 
 La protezione in acciaio inossidabile si scalderà dopo aver usato a lungo la scheda? La registrazione si interromperà per il surriscaldamento della scheda SD?
 La temperatura di funzionamento della scheda SD ARMOR è tra -25 °C e 85 °C, e le normali macchine fotografiche hanno una temperatura di funzionamento tra s -15 °C e 60 °C. Quindi la scheda SD ARMOR funziona anche negli ambienti più estremi, e in nessuna situazione la registrazione si interromperà perché la scheda di memoria sarà troppo calda.
 
 L’elettricità statica influirà sulle prestazioni della scheda?
 I test con l’elettricità statica nei laboratori di qualità Lexar hanno dimostrato che l’elettricità statica generata nell’uso di ogni giorno non danneggia la scheda di memoria, né ne compromette le prestazioni. (Risultato dei test: scarica in aria a ±4KV e scarica a contatto a ±4KV. Il valore dell'elettricità statica generata nell’uso di ogni giorno è di circa 3 KV.)

Questa scheda di memoria è compatibile con le fessure per scheda SD dei Mac? Ci saranno problemi di riconoscimento?
Le fessure per scheda SD incorporate nei MacBook cambiano a seconda della versione del chip, e alcuni modelli potrebbero, di tanto in tanto, non riconoscere le schede. Se il problema non si risolve riavviando il dispositivo, consigliamo di usare un lettore di schede UHS-II esterno — in particolare il modello Lexar Professional UHS-II (USB 3.1 Gen 2) — per garantire massima velocità e piena compatibilità.","Pytania i odpowiedzi dotyczące kart SD z serii ARMOR
 
 Czy karta SD ze stali nierdzewnej nie jest za gruba? Czy nie uszkodzi gniazda w kamerze?
 Karta SD ARMOR spełnia wymogi stowarzyszenia SD Association (SDA) dotyczące grubości, które stanowią, że grubość karty ma wynosić 2,1 ± 0,15 mm. Faktyczna grubość karty SD ARMOR spełnia tę normę. Firma Lexar przeprowadziła 10 000 testów wkładania i wyjmowania karty SD ARMOR. Można ją bezpiecznie używać w gnieździe karty kamery i nie spowoduje to uszkodzenia gniazda.
 
 Czy obudowa z nierdzewnej stali nie nagrzeje się zbytnio po dłuższym czasie użytkowania? Czy nagrywanie nie zatrzyma się na skutek przegrzania karty SD?
 Zakres temperatur roboczych karty ARMOR SD wynosi od -25°C do 85°C, a maksymalna normalna temperatura robocza popularnych kamer wynosi od -15℃ do 60°C. Oznacza to, że karta ARMOR SD może pracować w najbardziej ekstremalnym środowisku i nie nastąpi sytuacja, w której nagrywanie zostałoby przerwane z powodu zbyt wysokiej temperatury karty.
 
 Czy elektryczność statyczna może wpływać na pracę karty?
 Wyniki testów antystatycznych przeprowadzonych w Lexar Quality Laboratory pokazują, że elektryczność statyczna wytwarzana w codziennym życiu nie uszkadza karty pamięci ani nie ma wpływu na jej wydajność. (Wynik testu: wyładowanie w powietrzu przy ±4 kV i wyładowanie dotykowe przy ±4 kV. Wartość elektryczności statycznej generowanej na co dzień w okresie zimowym wynosi w przybliżeniu 3 kV.)

Czy ta karta pamięci jest kompatybilna z gniazdami kart SD w komputerach Mac? Czy nie będzie problemów z rozpoznawaniem?
Wbudowane gniazda kart SD w MacBookach różnią się w zależności od wersji procesora i w przypadku niektórych modeli mogą wystąpić problemy z rozpoznawaniem kart. Jeżeli ponowne uruchomienie nie rozwiąże problemu, zalecamy skorzystanie z zewnętrznego czytnika kart UHS-II — zwłaszcza z modelu Lexar Professional UHS-II (USB 3.1 Gen 2) — aby zapewnić pełną wydajność i zgodność.","أسئلة وأجوبة حول بطاقات SD سلسلة ARMOR

هل بطاقة SD المصفحة بالفولاذ سميكة جدًا؟ هل ستتسبب في تلف فتحة بطاقة الكاميرا؟
تتوافق بطاقة ARMOR SD مع متطلبات السُمك حسب ""رابطة بطاقات SD"" (SDA)، والتي تتطلب أن يكون سُمك البطاقة ضمن نطاق 2.1 ± 0.15 مم، وسُمك بطاقة ARMOR SD الفعلي يتوافق مع هذا المعيار. بالإضافة إلى ذلك، أجرت Lexar حوالي 10,000 عملية اختبار لإدخال البطاقة وإخراجها من فتحة الكاميرا. يمكن استخدامها بأمان في فتحة بطاقة الكاميرا ولن تسبب أي ضرر لفتحة البطاقة.

هل سيصبح غلاف الفولاذ المقاوم للصدأ ساخنًا بعد الاستخدام لفترة طويلة؟ هل سيتوقف التسجيل بسبب ارتفاع درجة حرارة بطاقة SD؟
يتراوح نطاق درجة الحرارة التشغيلية لبطاقة ARMOR SD من -25 درجة مئوية إلى 85 درجة مئوية، بينما تبلغ درجة الحرارة التشغيلية العادية القصوى لمعظم الكاميرات من -15 درجة مئوية إلى 60 درجة مئوية. وهذا يعني أن بطاقة ARMOR SD يمكنها العمل في أقصى الظروف البيئية، ولن يحدث أي توقف للتسجيل بسبب ارتفاع درجة حرارة بطاقة الذاكرة نفسها.

هل ستؤثر الكهرباء الساكنة على أداء البطاقة؟
أظهرت نتائج الاختبارات المضادة للكهرباء الساكنة في مختبر جودة Lexar أن الكهرباء الساكنة الناتجة عن الاستخدام اليومي لن تسبب أي ضرر لبطاقة الذاكرة ولن تؤثر على أدائها. (نتائج الاختبار: تفريغ الهواء عند ±4 كيلو فولت وتفريغ التلامس عند ±4 كيلو فولت. قيمة الكهرباء الساكنة الناتجة عن الاستخدام اليومي في فصل الشتاء تبلغ حوالي 3 كيلو فولت.)

هل بطاقة الذاكرة هذه متوافقة مع فتحات بطاقة SD الخاصة بنظام Mac؟ هل ستكون هناك مشاكل في التعرف؟
تختلف فتحات بطاقة SD المضمنة في أجهزة MacBook حسب إصدار الشريحة، وقد تفشل بعض الطرز بشكل متقطع في التعرف على البطاقات. إذا لم يؤد إعادة تشغيل جهازك إلى حل المشكلة، فنوصيك باستخدام قارئ بطاقات UHS-II خارجي — على وجه التحديد طراز Lexar Professional UHS-II (USB 3.1 Gen 2) — لضمان الأداء بأقصى سرعة والتوافق السلس.","ARMORシリーズSDカードに関するQ&A
 
 ステンレス製のSDカードは厚すぎませんか？カメラのカードスロットが破損しませんか？
 ARMOR SDカードは、カードの厚さが2.1 ± 0.15mmであることを要求しているSD Association（SDA）の厚さ要件を満たしており、ARMOR SDカードの実際の厚さはこの基準を満たしています。また、LexarはARMOR SDカードで10,000回の挿抜試験を実施しています。カメラのカードスロットで安全に使用することができ、カードスロットを破損することはありません。
 
 ステンレス製のケースは長時間使用すると熱くなりませんか？SDカードの過熱で記録が停止しませんか？
 ARMOR SDカードの動作温度範囲は-25℃～85℃で、主流のカメラにおける最大動作温度は-15℃～60℃となっています。つまり、ARMOR SDカードは最も過酷な作業環境で動作することができ、メモリカード自体の過熱で記録が停止することはありません。
 
 静電気はカードのパフォーマンスに影響しますか？
 Lexar Quality Laboratoryでの耐静電気試験による試験結果では、日常生活で発生する静電気がメモリカードに破損を生じたり、パフォーマンスに影響したりすることはないことが示されています。（試験結果：気中放電±4KVと接触放電±4KV。冬の日常生活で発生する静電気の値は約3KVです。）

このメモリカードは、MacのSDカードスロットに対応していますか？認識の問題がありますか？
MacBookに搭載されたSDカードスロットは、チップのバージョンによって異なり、特定のモデルは断続的にカードを認識しない.可能性があります。端末を再起動しても問題が解決されない場合、外付けのUHS-IIカードリーダーの使用を推奨します。具体的には、Lexar Professional UHS-IIモデル（USB 3.1 Gen 2）を使用すると、フルスピードのパフォーマンスとシームレスな互換性を確約することができます。","常见问题
 
 不锈钢金属卡会很厚吗？插拔是否会损坏相机卡槽？
 
 ARMOR SD 卡满足 SD 协会的厚度要求，协会厚度要求 2.1±0.15mm，ARMOR SD 卡实际厚度在标准范围内；同时我们对 ARMOR SD 卡做过 10000 次插拔实验，在相机卡槽和读卡器上可正常拔插使用，且不会损坏卡槽。
 
 
 不锈钢外壳用久会发烫吗？会出现过热停录情况吗？
 
 主流相机正常工作温度峰值是 60℃，而 ARMOR SD 卡的工作温度在 - 25℃～85℃，表明存储卡可在相机正常工作环境下正常运行使用，不会出现因存储卡本身温度过高出现停录情况。
 
 产生静电是否会影响性能？
 
 在 Lexar 质量实验室的防静电测试过程中，在空气放电 ±4KV，接触放电 ±4KV (冬季日常使用产生的静电值约为 3KV)，测试结果表明在日常生活中产生的静电不会对存储卡造成损坏或者性能影响。","常見問題
 
 不銹鋼金屬卡會很厚嗎？插拔是否會損壞相機卡槽？
 
 ARMOR SD 記憶卡符合 SD 協會的厚度要求，協會厚度要求 2.1±0.15mm，ARMOR SD 記憶卡實際厚度在標準範圍內；同時我們對 ARMOR SD 記憶卡做過 10000 次插拔實驗，在相機卡槽和讀卡機上可正常拔插使用，不會損壞卡槽。
 
 
 不銹鋼外殼用久會發燙嗎？會出現過熱停錄狀況嗎？
 
 主流相機正常工作溫度峰值為 60℃，而 ARMOR SD 記憶卡的工作溫度介於 -25℃ 至 85℃，表示記憶卡可在相機正常工作環境下正常運作使用，不會出現因記憶卡本身溫度過高而出現停錄情況。
 
 產生靜電是否會影響效能？
 
 在 Lexar 品質實驗室的防靜電測試過程中，在空氣放電 ±4KV，接觸放電 ±4KV (冬季日常使用產生的靜電值約為 3KV)，測試結果顯示在日常生活中產生的靜電不會對記憶卡造成損壞或效能影響。

此記憶卡是否與 Mac SD 記憶卡插槽相容？會有識別上的問題嗎？
MacBook 的內建 SD 記憶卡插槽會因晶片版本而有所差異，部分型號可能偶爾會無法識別卡片。如果重新啟動裝置仍無法解決問題，建議使用外接式 UHS-II 讀卡機 (尤其是 Lexar Professional UHS-II 型號 (USB 3.1 Gen 2))，以確保達到全速效能和流暢的相容性。","Hỏi Đáp về Thẻ SD thuộc Dòng ARMOR
 
 Có phải thẻ SD bằng thép không gỉ quá dày không? Liệu sản phẩm có gây hư hại cho khe cắm thẻ của máy ảnh không?
 Thẻ SD ARMOR đáp ứng các yêu cầu về độ dày của Hiệp Hội SD (SDA), trong đó quy định thẻ phải có độ dày trong khoảng 2,1 ± 0,15mm và độ dày thực tế của thẻ SD ARMOR đã đáp ứng được tiêu chuẩn. Đồng thời, Lexar đã tiến hành 10.000 thử nghiệm về thao tác lắp vào và tháo ra đối với thẻ SD ARMOR. Bạn có thể sử dụng sản phẩm một cách an toàn trong khe cắm thẻ của máy ảnh mà không sợ bị hư hại.
 
 Lớp vỏ thép không gỉ có nóng lên sau khi được sử dụng trong một thời gian dài không? Quá trình ghi hình có bị dừng lại vì Thẻ SD quá nhiệt không?
 Nhiệt độ hoạt động của thẻ SD ARMOR dao động từ -25°C đến 85°C và nhiệt độ hoạt động bình thường tối đa của máy ảnh thông dụng nằm trong khoảng từ -15℃ đến 60°C. Điều này cho thấy thẻ SD ARMOR có thể hoạt động trong môi trường làm việc khắc nghiệt nhất và sẽ không xảy ra trường hợp phải dừng quá trình ghi hình do thẻ nhớ trở nên quá nóng.
 
 Tĩnh điện có ảnh hưởng tới hiệu năng của thẻ không?
 Trong các thử nghiệm kháng tĩnh điện tại Phòng Thí Nghiệm Chất Lượng của Lexar, kết quả thử nghiệm cho thấy tĩnh điện phát sinh từ hoạt động đời sống hàng ngày sẽ không gây hư hại cho thẻ nhớ hoặc ảnh hưởng đến hiệu năng của thẻ. (Kết quả thử nghiệm: phóng điện trong không khí ở mức ±4KV và phóng điện qua tiếp xúc ở mức ±4KV. Giá trị tĩnh điện phát sinh từ hoạt động sử dụng hàng ngày vào mùa đông xấp xỉ ở mức 3KV.)

Thẻ nhớ này có tương thích với khe cắm thẻ SD trên máy Mac không? Liệu có vấn đề về nhận dạng không?
Khe cắm thẻ SD tích hợp của MacBook khác nhau tùy theo phiên bản chip và một số kiểu mẫu nhất định đôi khi có thể không nhận dạng được thẻ. Nếu thao tác khởi động lại thiết bị không giải quyết được sự cố, bạn nên sử dụng đầu đọc thẻ UHS-II ngoài — cụ thể là kiểu mẫu Lexar Professional UHS-II (USB 3.1 Gen 2) — để đảm bảo hiệu suất tốc độ tối đa và khả năng tương thích liền mạch.","Q&A over ARMOR Series SD-kaarten
 
 Is de roestvrijstalen SD-kaart te dik? Zal dit schade veroorzaken aan de kaartsleuf van de camera?
 De ARMOR SD-kaart voldoet aan de dikte-eisen van de SD Association (SDA), die een kaartdikte van 2,1 ± 0,15 mm vereist, en de werkelijke dikte van de ARMOR SD-kaart voldoet aan de norm. Ondertussen voerde Lexar 10.000 insteek- en extractietests uit op de ARMOR SD-kaart. Het kan veilig worden gebruikt in de kaartsleuf van de camera en veroorzaakt geen schade aan de kaartsleuf.
 
 Wordt de roestvrijstalen behuizing heet bij langdurig gebruik? Stopt de opname vanwege oververhitting van de SD-kaart?
 Het bedrijfstemperatuurbereik van de ARMOR SD-kaart is van -25°C tot 85°C en de maximale normale bedrijfstemperatuur van reguliere camera's is -15°C tot 60°C. Dit geeft aan dat de ARMOR SD-kaart geschikt is voor de meest extreme werkomgeving en dat er geen situatie zal zijn waarin de opname stopt omdat de geheugenkaart zelf te heet is.
 
 Heeft statische elektriciteit invloed op de prestaties van de kaart?
 Tijdens de anti-statische tests in het Lexar Quality Laboratory tonen de testresultaten aan dat de statische elektriciteit die in het dagelijks leven wordt opgewekt, geen schade aan de geheugenkaart veroorzaakt of de prestaties ervan beïnvloedt. (Testresultaat: luchtafvoer bij ±4KV en contactafvoer bij ±4KV. De statische elektriciteitswaarde die wordt gegenereerd bij dagelijks gebruik in de winter is ongeveer 3 KV.)

Is deze geheugenkaart compatibel met Mac SD-kaartsleuven? Zijn er herkenningsproblemen?
De ingebouwde SD-kaartsleuven van MacBook verschillen per chipversie, en bepaalde modellen kunnen soms geen kaarten herkennen. Als het probleem niet kan worden opgelost door uw apparaat opnieuw op te starten, raden wij u aan een externe UHS-II-kaartlezer te gebruiken - in het bijzonder het Lexar Professional UHS-II-model (USB 3.1 Gen 2) - om prestaties op volle snelheid en naadloze compatibiliteit te garanderen.","Frågor och svar om SD-kort i ARMOR-serien
 
 Är SD-kortet i rostfritt stål för tjockt? Kommer det att orsaka skador på kamerans kortplats?
 ARMOR SD-kortet uppfyller tjocklekskraven i SD Association (SDA), som kräver att kortets tjocklek ligger inom 2,1 ± 0,15 mm, och den faktiska tjockleken på ARMOR SD-kortet uppfyller denna standard. Lexar har utfört 10 000 tester där man satt i och tagit ur ARMOR SD-kort. Det är säkert att använda i kamerans kortplats och kommer inte att skada kortplatsen.
 
 Blir det rostfria stålhöljet varmt efter en längre tids användning? Kommer inspelningen att stoppas på grund av att SD-kortet överhettas?
 ARMOR SD-kortets driftstemperaturintervall är från -25 °C till 85 °C och den maximala normala driftstemperaturen för vanliga kameror är -15 °C till 60 °C. Detta indikerar att ARMOR SD-kort kan användas i den mest extrema arbetsmiljön och det kommer inte att finnas några situationer där inspelningen stoppar på grund av att själva minneskortet är för varmt.
 
 Kommer statisk elektricitet att påverka kortets prestanda?
 Resultaten för de antistatiska tester som utförts i Lexar Quality Laboratory, visar att den statiska elektricitet som genereras i det dagliga livet inte kommer att skada minneskortet eller påverka dess prestanda. (Testresultat: lufturladdning vid ±4KV och kontakturladdning vid ±4KV. Det statiska elvärdet som genereras vid daglig användning på vintern är cirka 3KV.)

Är detta minneskort kompatibelt med SD-kortplatser på Mac? Kommer det att vara problem med igenkänningen?
MacBooks inbyggda SD-kortplatser varierar beroende på chipversion och vissa modeller kan intermittent misslyckas med att känna igen kort. Om omstart av enheten inte löser problemet rekommenderar vi att du använder en extern UHS-II-kortläsare – särskilt Lexar Professional UHS-II (USB 3.1 Gen 2) – för att säkerställa full hastighetsprestanda och sömlös kompatibilitet.","ARMOR Serisi SD Kartlar Hakkında Sorular
 
 Paslanmaz çelik kart çok mu kalın? Kameranın kart yuvasına hasar verir mi?
 ARMOR SD kart, kart kalınlığının 2,1 ± 0,15 mm içinde olmasını gerektiren SD Association (SDA) kalınlık gereksinimlerini karşılar ve ARMOR SD kartın gerçek kalınlığı bu standardı karşılar. Bu arada Lexar, ARMOR SD kart üzerinde 10.000 kez takma ve çıkarma testi gerçekleştirmiştir. Kamera kart yuvasında güvenle kullanılabilir ve kart yuvasına bir zarar vermez.
 
 Uzun süre kullanıldığında paslanmaz çelik gövde ısınır mı? SD Kartın aşırı ısınması sebebiyle kayıt durur mu?
 ARMOR SD kartın çalışma sıcaklığı -25°C ila 85°C arasındadır ve ana akım fotoğraf makinelerinin normal çalışma sıcaklığı da -15℃ ila 60°C arasındadır. Yani ARMOR SD kart en zorlu çalışma ortamlarında bile çalışır ve sadece hafıza kartının aşırı ısınmasıyla ilgili bir sorun yüzünden kaydın durması gibi bir durum yaşanmaz.
 
 Statik elektrik kartın performansını etkiler mi?
 Lexar Kalite Laboratuvarında yapılan anti statik testler sırasında alınan test sonuçlarına göre günlük hayatta oluşan statik elektrik ne hafıza kartına ne de kartın performansına bir zarar verir. (Test sonuçları: ±4KV'de hava deşarjı ve ±4KV'de kontak deşarjı. Kış mevsiminde günlük hayatta oluşan statik elektrik değeri yaklaşık 3KV'dir.)

Bu hafıza kartı Mac SD kart yuvasıyla uyumlu mu? Tanıma sorunları yaşanır mı?
MacBook'ların yerleşik SD kart yuvaları, çip versiyonuna göre değişiklik gösterir ve bazı modeller ara sıra kartları tanımayabilir. Cihazınızı yeniden başlatarak bu sorunu çözemediyseniz tam performans ve sorunsuz uyumluluk için başta Lexar Professional UHS-II model (USB 3.1 Gen 2) olmak üzere harici bir UHS-II kart okuyucu kullanmanızı tavsiye ederiz.",,,,,,,,
,,,,,,,,,"高品质 终身有限质保

Lexar 雷克沙产品经过 Lexar 质量实验室的广泛测试，该实验室配备了数千种不同的相机等主机设备，通过搭配不同相机机型使用和不同的拍摄场景测试，以确保产品性能、质量、兼容性和可靠性。","品質卓越，終身有限保固

Lexar 產品經過 Lexar 品質實驗室的廣泛測試，該實驗室配備了數千種不同的相機等主機設備，透過搭配不同相機機型使用和不同的拍攝場景測試，以確保產品效能、品質、相容性和可靠性。",,,,,,,,,,,,