亚马需要9国语言（所有AMZ请注意删掉R标与TM标）,亚马逊9国语言,,,,,,,,,,,亚马逊9国语言（所有AMZ请注意删掉R标与TM标）,,,,,,,,,,,,,,,,
官网需要10国语言,官网10国语言,,,,,,,,,,,,,,,,,,,,,,,,,,,
Reference,EN,简中,德DE,法FR,西班牙ES,意大利IT,波兰PL,阿拉伯AR,日本JP,台湾TC,越南VN,荷兰NL,瑞典SE,土耳其TR,,,,,,,,,,,,,,
,"DDR5 Performance with Powerful Heatsink
Lexar DDR5 SODIMM Laptop Memory","雷神之速 一骑绝尘
Lexar THOR RGB DDR5 内存条","Entfesseln Sie Ihren Laptop mit DDR5 der nächsten Generation
 Lexar THOR RGB DDR5 Desktop Arbeitsspeicher","Libérez votre ordinateur portable avec la DDR5 de nouvelle génération
 Module mémoire pour ordinateur de bureau Lexar THOR RGB DDR5","Dé rienda suelta a su portátil con DDR5 de próxima generación
 Memoria de sobremesa Lexar THOR RGB DDR5","Scatena il tuo laptop con la DDR5 di nuova generazione
 Memoria per desktop Lexar THOR RGB DDR5","Odblokuj możliwości swojego laptopa dzięki pamięci nowej generacji DDR5
 Pamięć Lexar THOR RGB DDR5 do komputerów stacjonarnych","أطلق العنان لحاسوبك المحمول مع الجيل القادم من DDR5
 ذاكرة سطح المكتب Lexar THOR RGB DDR5","次世代DDR5でノートパソコンを解き放つ
 Lexar THOR RGB DDR5デスクトップメモリ","全新架構，輕裝上陣
 Lexar THOR RGB DDR5 桌上型電腦記憶體","Giải Phóng Tiềm Năng của Laptop với DDR5 Thế Hệ Kế Tiếp
 Bộ Nhớ Máy Tính Để Bàn Lexar THOR RGB DDR5","Ontketen uw computer met de volgende generatie DDR5
 Lexar THOR RGB DDR5 desktop geheugen","Frigör din bärbara dators kraft med nästa generations DDR5
 Lexar THOR RGB DDR5-skrivbordsminne","Yeni Nesil DDR5 ile Dizüstü Bilgisayarınızın Gücünü Gösterin
 Lexar THOR RGB DDR5 Masaüstü Bellek",,,,,,,,,,,,,,
,"1.6mmDurable Heatsink

Intel XMP 3.0
AMD EXPO
overclocking

Fierce
DDR5 Performance

Game in Style

On-Die ECC

Rigorously Tested","1.6mm散热马甲

兼容最新Intel和AMD DDR5平台

疾速突破 性能新纪元

RGB神光同步

On-die-ECC纠错机制

经久耐用
","1,6mm Robuster Kühlkörper
 
 Intel XMP 3.0
 AMD EXPO
 Übertaktung
 
 Starke
 DDR5 Leistung
 
 Spielen mit Stil
 
 On-Die ECC
 
 Rigoros getestet","Dissipateur thermique durable de 1,6 mm
 
 Intel XMP 3.0
 AMD EXPO
 Overclocking
 
 Performances DDR5 féroces
 
 Jouez avec style
 
 ECC intégré
 
 Testé de façon rigoureuse","Disipador de calor duradero de 1,6 mm
 
 Intel XMP 3.0
 AMD EXPO
 Overclocking
 
 Intenso
 Rendimiento DDR5
 
 Juega con estilo
 
 Con ECC integrado
 
 Rigurosamente probado","Dispersore di calore resistente da 1,6 mm
 
 Intel XMP 3.0
 AMD EXPO
 Overclocking
 
 Potenti
 Prestazioni DDR5
 
 Gioca con stile
 
 ECC on-die
 
 Rigorosamente testato","Trwały radiator o grubości 1,6 mm
 
 Intel XMP 3.0
 AMD EXPO
 Przetaktowanie
 
 Potężna
 wydajność DDR5
 
 Gra z polotem
 
 Wbudowana funkcja ECC
 
 Rygorystyczne testy","مشتت حراري متين بسمك 1.6 ملم
 
 Intel XMP 3.0
 AMD EXPO
 رفع تردد التشغيل
 
 أداء قوي
 أداء ذاكرة DDR5
 
 هذه الذاكرة مصممة لتحقيق أداء عالٍ خلال اللعب بأسلوب أنيق وجذاب بنمط
 
 إصلاح الأخطاء بالرمز التصحيحي (ECC) المدمج داخل الرقاقة
 
 تم اختباره بدقة","1.6mmの高耐久性ヒートシンク
 
 インテルXMP 3.0
 AMD EXPO
 オーバークロッキング
 
 超高速
 DDR5のパフォーマンス
 
 ゲームをスタイリッシュに
 
 オンダイECC
 
 厳格なテストに合格","1.6mm 耐用散熱器
 
 Intel XMP 3.0
 AMD EXPO
 超頻
 
 強勁的
 DDR5 效能
 
 酷炫風電競機
 
 晶粒內建 ECC
 
 經過嚴格測試","Tản Nhiệt Bền Bỉ 1,6 mm
 
 Ép Xung
 AMD EXPO
 Intel XMP 3.0
 
 Hiệu Năng DDR5
 Mạnh Mẽ
 
 Trải Nghiệm Chơi Game Phong Cách
 
 ECC Tích Hợp Trên Chip
 
 Đã Được Kiểm Định Chất Lượng Nghiêm Ngặt","1,6 mm duurzaam koellichaam
 
 Intel XMP 3.0
 AMD EXPO
 Overklokken
 
 Krachtige 
 DDR5-prestaties
 
 Gamen in stijl
 
 ECC op de matrijs
 
 Grondig getest","1,6 mm hållbar kylfläns
 
 Intel XMP 3.0
 AMD EXPO
 Överklockning
 
 Tuff
 DDR5-prestanda
 
 Spela i stil
 
 On-Die ECC
 
 Noggrant Testad","1,6 mm Sağlam Soğutucu
 
 Intel XMP 3.0
 AMD EXPO
 Hız Aşırtma
 
 Hırçın
 DDR5 Performansı
 
 Tarz Oyun
 
 On-Die ECC
 
 Ağır Testler",,,,,,,,,,,,,,
,"Fierce DDR5
Performance
DDR5’s new architecture, with double the bank groups and two independent 32-bit sub-channels, boosts data speeds. 
Delivers up to 6000MT/s* for a full-throttle, next-gen gaming experience.

*Comparison based on internal testing. Actual performance may vary.","疾速突破 性能新纪元
DDR5的全新架构有双倍列数和两个独立32位子通道，数据处理速度飞跃，以6000MT/s*高速引领你进入性能新纪元

* 数据来源于 Lexar 质量实验室，实际性能因设备差异，可能有所不同","Starke DDR5
 Leistung
 Die neue DDR5 Architektur mit doppelter Anzahl von Bankgruppen und zwei unabhängigen 32-Bit Subkanälen erhöht die Datenübertragungsrate. 
 Bietet bis zu 6.000 MT/s* für ein Gaming-Erlebnis der nächsten Generation.
 
 *Vergleich basierend auf internen Tests. Die tatsächliche Geschwindigkeit kann variieren.","Performances DDR5 féroces
 La nouvelle architecture de la DDR5, avec des groupes de banques doubles et deux sous-canaux 32 bits indépendants, augmente les vitesses de données. 
 Délivre jusqu'à 6 000 MT/s* pour une expérience de jeu de nouvelle génération à plein régime.
 
 *Comparaison basée sur des tests internes. Les performances réelles peuvent varier.","DDR5 intenso
 Rendimiento
 La nueva arquitectura de DDR5, con grupos de bancos dobles y dos subcanales independientes de 32 bits, aumenta la velocidad de los datos. 
 Proporciona hasta 6000 MT/s* para una experiencia de juego de última generación a toda velocidad.
 
 *Comparación basada en pruebas internas. El rendimiento real puede variar.","Potenti prestazioni DDR5
 
 La nuova architettura del DDR5, con doppi gruppi di bank e due sotto-canali indipendenti a 32 bit, aumenta la velocità dei dati. 
 Garantisce velocità fino a 6.000 MT/s* per un'esperienza di gioco velocissima di nuova generazione.
 
 *Confronto basato su test interni. Le prestazioni effettive possono variare.","Potężna pamięć DDR5
 Wydajność
 Dzięki nowej architekturze DDR5, z podwójnymi grupami banków pamięci i dwoma niezależnymi 32-bitowymi podkanałami udało się zwiększyć prędkość transmisji danych. 
 Zapewnia do 6000 MT/s*, dzięki czemu gry nowej generacji można odpalać na pełnych obrotach.
 
 *Porównanie w oparciu o testy wewnętrzne. Rzeczywiste osiągi mogą być inne.","ذاكرة DDR5 عالية الأداء
 أداء
 يعزز التصميم المعماري الجديد لذاكرة DDR5، مع وحدات تخزين مضاعفة ومسارات نقل البيانات المنفصلة 32 بت، من سرعات نقل البيانات. 
 يوفر سرعة نقل تصل إلى 6,000 ميجا نقلة في الثانية* لتجربة ألعاب من الجيل القادم بأقصى أداء.
 
 *الاختبارات التي تم إجراؤها تعتمد على مقارنة داخلية تمت من قبل الشركة المصنعة. الأداء الفعلي قد يختلف عن الأداء المذكور أو المقارن به.","超高速DDR5の
 パフォーマンス
 2倍のバンクグループと2つの独立した32ビットサブチャンネルを備えたDDR5の新しいアーキテクチャは、データ速度を向上します。 
 最大6,000 MT/秒*でフルスロットルの次世代ゲーム体験を実現します。
 
 *比較は社内テストに基づいています。実際のパフォーマンスは異なる場合があります。","強勁的 DDR5
 效能
 DDR5 的全新架構具備雙儲存組和兩個獨立的 32 位元子通道，可大幅提高資料傳輸速度。 
 速度高達 6,000 MT/s*，帶您進入油門全開的新一代遊戲體驗。
 
 *比較係依據內部測試的結果。實際效能可能有所不同。","Hiệu Năng
 DDR5 Mạnh Mẽ
 Với kiến trúc mới, DDR5 được trang bị nhóm bộ nhớ kép và hai kênh phụ 32-bit hoạt động độc lập, giúp tăng tốc độ truyền dữ liệu. 
 Tốc độ truyền dữ liệu lên đến 6,000 MT/s* mang đến trải nghiệm chơi game thế hệ mới cực kỳ mượt mà.
 
 *So sánh dựa trên kết quả thử nghiệm của chúng tôi. Hiệu năng thực tế có thể khác biệt.","Krachtige DDR5
 Prestaties
 De nieuwe architectuur van DDR5, met dubbele groep banken en twee onafhankelijke 32-bits subkanalen, verhoogt de datasnelheden. 
 Levert tot 6.000 MT/s* voor een volwaardige next-generation game-ervaring.
 
 *Vergelijking gebaseerd op interne testen. Daadwerkelijke prestaties kunnen variëren.","Tuff DDR5-
 prestanda
 DDR5:s nya arkitektur, med dubbla bankgrupper och två oberoende 32-bitars subkanaler, ökar datahastigheten. 
 Levererar upp till 6 000 MT/s* för en nästa generations spelupplevelse med gasen i botten.
 
 *Jämförelse baserad på intern testning. Faktisk prestanda kan variera.","Hırçın DDR5
 Performansı
 DDR5'in çift küme grubu ve iki bağımsız 32 bit alt kanal ile yeni mimari, veri hızlarını yükseltiyor. 
 Tam gaz yeni nesil bir oyun deneyimi için 6.000 MT/s*'ye varan hız.
 
 *Dâhili test karşılaştırmalarına göre. Gerçek performans değişiklik gösterebilir.",,,,,,,,,,,,,,
,"Game in Style
with RGB Lighting
Personalize your experience with customizable RGB lighting to match your setup, adding immersive effects for a more exciting gaming experience.","流光幻影 随心闪耀
支持各大主流板厂灯效控制软件，
玩家可随心打造专属炫酷 RGB 氛围光效，
展现独特风格，打造个性随心的游戏体验

","Mit RGB Beleuchtung stilvoll spielen
 Personalisieren Sie Ihr Erlebnis mit anpassbarer RGB-Beleuchtung zur Anpassung an Ihre Einrichtung und fügen Sie immersive Effekte für ein aufregenderes Spielerlebnis hinzu.","Jouez avec style grâce à l'éclairage RGB
 Personnalisez votre expérience grâce à l'éclairage RVB personnalisable en fonction de votre configuration, en ajoutant des effets immersifs pour une expérience de jeu plus excitante.","Juega con estilo con la iluminación RGB
 Personalice su experiencia con iluminación RGB personalizable para que coincida con su configuración y agregue efectos inmersivos para una experiencia de juego más emocionante.","Gioca con stile con l'illuminazione RGB
 Personalizza la tua esperienza con illuminazione modificabile RGB che puoi adattare al tuo setup, e a cui puoi aggiungere effetti immersivi per rendere il gioco ancora più entusiasmante.","Stylowa gra w świetle RGB
 Spersonalizuj swoje wrażenia dzięki konfigurowalnemu oświetleniu RGB, które po dopasowaniu do Twojej konfiguracji pozwoli na osiągnięcie wciągających efektów i sprawi, że gra będzie jeszcze bardziej ekscytująca.","اللعب بأناقة مع الإضاءة الألوان الأزرق والأخصر والأحمر RGB
 خصص تجربتك مع إضاءة RGB قابلة للتخصيص لتتناسق مع إعداداتك، مما يضيف تأثيرات غامرة لتجربة ألعاب أكثر إثارة.","RGBライティングでゲームをスタイリッシュに
 環境に合わせてカスタマイズ可能なRGBライティングで自分だけの体験を作り出し、没入型のエフェクトでよりエキサイティングなゲーム体験を実現できます。","閃耀 RGB 燈光的酷炫風電競機
 可自訂的 RGB 燈光，讓您針對自己的設置量身打造個人化體驗，加入身臨其境的效果，沉浸到更令人興奮的遊戲體驗之中。","Trải Nghiệm Chơi Game Phong Cách với Hiệu Ứng Ánh Sáng RGB
 Cá nhân hóa trải nghiệm game với hệ thống ánh sáng RGB có thể tùy chỉnh màu sắc, phù hợp với không gian chơi game của bạn, mang đến cho bạn những hiệu ứng chơi game chân thực và trải nghiệm hấp dẫn hơn.","Gamen in stijl met RGB-verlichting
 Personaliseer uw ervaring met aanpasbare RGB-verlichting die bij uw opstelling past en voeg meeslepende effecten toe voor een meer opwindende game-ervaring.","Spel i stil med RGB belysning
 Anpassa din upplevelse med anpassningsbar RGB-belysning som passar dina inställningar och lägg till imponerande effekter för en mer spännande spelupplevelse.","RGB Işıklandırma ile Tarz Oyun
 Özelleştirilebilir RGB aydınlatmayla sisteminizle uyum sağlayın ve daha heyecan verici bir oyun deneyimi için yoğun efektler ekleyin.",,,,,,,,,,,,,,
,"Low-profile, Durable, Heat-Dissipating Design
The THOR design features a thin 1.6mm durable heatsink in solid aluminum for superior heat dissipation and with its 40mm high form factor, it is perfect for compact PC builds.","极致散热 冷静掌控
THOR RGB DDR5 配备 1.6mm 全铝散热马甲，散热性能卓越，无论面对大型游戏还是高负载应用程序，都能轻松应对，冷静掌控","Flaches, robustes, wärmeableitendes Design
 Das THOR Design verfügt über einen 1,6 mm dünnen, robusten Kühlkörper aus massivem Aluminium für eine hervorragende Wärmeableitung und ist mit seinem 40 mm hohen Formfaktor perfekt für kompakte PCs geeignet.","Conception de dissipation de chaleur discrète et durable
 Le design THOR est doté d'un dissipateur thermique fin et durable de 1,6 mm en aluminium massif pour une meilleure dissipation de la chaleur, et avec son facteur de forme de 40 mm de haut, il est parfait pour les configurations de PC compactes.","Perfil bajo, Diseño de disipación de calor, Duradero
 El diseño de THOR presenta un disipador de calor delgado y duradero de 1,6 mm en aluminio sólido para una disipación de calor superior y, con su factor de forma de 40 mm de alto, es perfecto para construcciones de PC compactas.","Progettazione a basso profilo e resistente con dissipatore di calore
 La progettazione THOR ha un dispersore di calore di alta qualità, resistente e sottile, da 1,6 mm in alluminio; con il suo fattore di forma da 40 mm di altezza è perfetta per PC compatti.","Dyskretna, trwała konstrukcja rozpraszająca ciepło
 Konstrukcja THOR posiada cienki, 1,6-milimetrowy i trwały radiator z litego aluminium, zapewniający doskonałe odprowadzanie ciepła, a dzięki swojej 40-milimetrowej wysokości idealnie pasuje do kompaktowych komputerów PC.","تصميم منخفض الارتفاع، متين، ومبدد للحرارة.
 يتميز تصميم THOR بمشتت حرارة رقيق من الألومنيوم المقوى بسمك 1.6 مم لتبديد الحرارة الفائق، وبشكله العلوي البالغ 40 مم، فهو مثالي لتجميع أجهزة الكمبيوتر الصغيرة.","ロープロファイル、高耐久性の放熱設計
 THORのデザインは放熱性に優れた頑丈なアルミニウム製の1.6mm薄型高耐久性ヒートシンクを搭載、40mmの低背フォームファクタで、コンパクトなPCに最適です。","尺寸精簡，耐用散熱設計
 THOR 設計採用輕薄耐用的 1.6mm 全鋁合金散熱片，散熱效率極佳，且有著高 40mm 的外形尺寸，是打造輕巧型電腦的完美選擇。","Thiết Kế Gọn Gàng, Bền Bỉ, Tản Nhiệt Hiệu Quả.
 Thiết kế THOR được trang bị tấm tản nhiệt nhôm nguyên khối 1,6 mm có độ bền cao và khả năng tản nhiệt vượt trội, với chiều cao 40 mm rất phù hợp để lắp đặt vào các máy tính nhỏ gọn.","Duurzaam, warmteafvoerend ontwerp met laag profiel
 Het THOR-ontwerp heeft een dun 1,6 mm duurzaam koellichaam van massief aluminium voor superieure warmteafvoer en met zijn 40 mm hoge vormfactor is het perfect voor compacte pc's.","Hållbar, värmeavledande design med låg profil
 THOR-designen har en tunn 1,6 mm hållbar kylfläns i solid aluminium för överlägsen värmeavledning och med sin 40 mm höga formfaktor är den perfekt för kompakta PC-byggen.","Düşük Profilli, Sağlam, Isı Dağıtıcı Tasarımı
 THOR tasarımındaki yekpare iki ince 1,6 mm sağlam soğutucu, üstün ısı dağıtımı sağlar ve 40 mm yüksek form faktörüyle kompakt PC sistemler için idealdir.",,,,,,,,,,,,,,
,"Improved Stability,
Reliability, and Efficiency
Features on-die Error Correction Code (ECC) for improved stability and reliability and on-board Power Management Integrated Circuits (PMIC) to enhance power efficiency.","On-die-ECC纠错机制  稳定输出
独立电源管理芯片可实现电源负载管理。
On-die ECC 纠错机制，增强内存条的纠错能力，提高系统稳定性与可靠性","Erhöhte Stabilität, Zuverlässigkeit und Effizienz
 Mit On-Die Error Correction Code (ECC) für verbesserte Stabilität und Zuverlässigkeit und On-Board Power Management Integrate Circuits (PMIC) für verbesserte Energieeffizienz.","Stabilité, fiabilité et efficacité améliorées
 Il est doté d'un code de correction d'erreur (ECC) intégré pour une stabilité et une fiabilité accrues et de circuits intégrés de gestion de l'énergie (PMIC) pour une meilleure efficacité énergétique.","Estabilidad, fiabilidad y eficiencia mejoradas
 Cuenta con un código de corrección de errores (ECC) integrado para mejorar la estabilidad y fiabilidad y circuitos integrados de administración de energía (PMIC) integrados para mejorar la eficiencia energética.","Migliore stabilità, affidabilità ed efficenza
 Con Error Correction Code (ECC) per maggiore stabilità ed affidabilità, e Power Management Integrate Circuits (PMIC) integrati per migliorare l'efficenza energetica.","Ulepszona stabilność, niezawodność i wydajność
 Posiada wbudowany kod korekcji błędów (ECC) zapewniający lepszą stabilność i niezawodność oraz wbudowany układ zarządzania energią (PMIC) poprawiający wydajność energetyczną.","تحسين الاستقرار، الموثوقية، والكفاءة.
 يتميز بوجود كود تصحيح الأخطاء ECC المدمج لتحسين الاستقرار والموثوقية، ودوائر إدارة الطاقة المدمجة PMIC لتحسين كفاءة الطاقة.","向上された安定性、信頼性、効率
 オンダイECC（誤り訂正符号）により安定性と信頼性を向上し、オンボードの電源管理IC（PMIC）が電力効率を高めます。","經過強化的穩定性、可靠性和效率
 晶粒內建錯誤校正代碼 (ECC)，可提高穩定性和可靠性，並內建電源管理積體電路 (PMIC)，功率效率更為出色。","Hoạt Động Ổn Định, Đáng Tin Cậy và Hiệu Quả Hơn
 Được tích hợp Mã Sửa Lỗi (ECC) trên chip, sản phẩm này giúp cải thiện độ ổn định và độ tin cậy trong quá trình hoạt động. Bên cạnh đó, Mạch Tích Hợp Quản Lý Nguồn (PMIC) trên bo mạch giúp tối ưu hóa việc tiêu thụ năng lượng.","Betere stabiliteit, betrouwbaarheid en efficiëntie
 Beschikt over on-die Error Correction Code (ECC) voor verbeterde stabiliteit en betrouwbaarheid en ingebouwde Power Management Integrated Circuits (PMIC's) om de energie-efficiëntie te verbeteren.","Förbättrad stabilitet, tillförlitlighet och effektivitet
 Har on-die felkorrigeringskod (ECC) för förbättrad stabilitet och tillförlitlighet samt integrerade spänningsregulatorer (Power Management Integrated Circuits, PMIC:er) för att förbättra energieffektiviteten.","İyileştirilmiş İstikrar, Güvenilirlik ve Verimlilik
 Sahip olduğu on-die Hata Düzeltme Kodu (ECC) ile istikrarı ve güvenilirliği artarken yerleşik Güç Yönetimi Entegre Devreleriyle (PMICs) güç verimliliği gelişmiştir.",,,,,,,,,,,,,,
,"Seamlessly Compatible
Supports Intel XMP 3.0 and AMD EXPO™ overclocking for easy performance boosts,and compatible with mainstream DDR5 motherboards for seamless integration.","双平台超频 一键兼容
THOR RGB DDR5兼容最新Intel和AMD DDR5平台，无需繁琐的参数调整，一键启动，为您的创作和游戏注入速度与激情！","Nahtlos kompatibel
 Unterstützt Intel XMP 3.0 und AMD EXPO™ Übertaktung für einfache Leistungssteigerung, kompatibel mit Mainstream DDR5 Motherboards für nahtlose Integration.","Parfaitement compatible
 Prend en charge l'overclocking Intel XMP 3.0 et AMD EXPO™ pour une augmentation facile des performances, compatible avec les cartes mères DDR5 courantes pour une intégration transparente.","Compatible sin problemas
 Admite overclocking Intel XMP 3.0 y AMD EXPO™ para aumentar el rendimiento fácilmente, compatible con las principales placas base DDR5 para una integración perfecta.","Compatibile senza interruzioni
 Supporta Intel XMP 3.0 e overclocking AMD EXPO per migliorare facilmente le prestazioni, ed è compatibile con le principali schede madri DDR5 per un’integrazione senza intoppi.","Pełna zgodność
 Obsługuje przetaktowanie Intel XMP 3.0 i AMD EXPO™ w celu łatwego zwiększenia wydajności oraz jest zgodna popularnymi płytami głównymi DDR5, co zapewnia bezproblemową integrację.","التوافق المتميز أو المتناغم بشكل سلس وفعال
 يدعم تقنية Intel XMP 3.0 و AMD EXPO™ لتسريع الأداء بسهولة، ومتوافق مع اللوحات الأم الرئيسية DDR5 للاندماج السلس.","シームレスな互換性
 インテルXMP 3.0とAMD EXPO™のオーバークロッキングをサポートしているため、簡単にパフォーマンスを向上できます。主要なDDR5マザーボードとの互換性により、シームレスな組み込みを実現します。","無縫相容
 支援 Intel XMP 3.0 和 AMD EXPO™ 超頻，可輕鬆提升效能，並相容於主流 DDR5 主機板，可無縫流暢整合。","Tương Thích Hoàn Hảo
 Sản phẩm hỗ trợ công nghệ ép xung Intel XMP 3.0 và AMD EXPO™, giúp dễ dàng cải thiện hiệu năng hệ thống. Sản phẩm cũng tương thích với hầu hết các bo mạch chủ DDR5 hiện nay, đảm bảo trải nghiệm hoàn hảo.","Naadloze compatibiliteit
 Ondersteunt Intel XMP 3.0 en AMD EXPO™ overklokken voor eenvoudige prestatieverbeteringen, compatibel met mainstream DDR5-moederborden voor naadloze integratie.","Sömlöst kompatibel
 Stöder Intel XMP 3.0 och AMD EXPO™ överklockning för enkla prestandaförbättringar, kompatibel med vanliga DDR5-moderkort sömlöst integrering.","Sorunsuzca Uyumlu
 Kolay performans artışı için Intel XMP 3.0 ve AMD EXPO™ hız aşırtma destekler ve sorunsuz entegrasyon için popüler DDR5 anakartlarla uyumludur.",,,,,,,,,,,,,,
,"Unleash Power in Multi-Scenario
THOR DDR5 powers through gaming, content creation, and everyday tasks. Boost your gaming speed and accelerate your creative workflow, all with one solution that adapts seamlessly to any scenario.","无惧各种任务挑战
THOR DDR5 以强大性能轻松应对游戏、内容创作和日常任务的各种挑战。提升你的游戏速度，加速创作流程，轻松适应各种场景。","Leistung in mehreren Szenarien entfesseln
 THOR DDR5 entfesselt Leistung in Spielen, bei der Erstellung von Inhalten und bei alltäglichen Aufgaben. Steigern Sie Ihre Spielgeschwindigkeit und beschleunigen Sie Ihren kreativen Workflow mit einer Lösung, die sich nahtlos an jedes Szenario anpasst.","Libérez la puissance dans de multiples scénarios
 THOR DDR5 vous permet de jouer, de créer du contenu et d'effectuer des tâches quotidiennes. Boostez votre vitesse de jeu et accélérez votre flux de travail créatif, le tout avec une solution qui s'adapte parfaitement à tous les scénarios.","Libere su poder en múltiples escenarios
 THOR DDR5 potencia los juegos, la creación de contenido y las tareas cotidianas. Aumente su velocidad de juego y acelere su flujo de trabajo creativo, todo con una solución que se adapta perfectamente a cualquier escenario.","Scatena la potenza nel Multi-Scenario
 Il DDR5 THOR dà la svolta al gioco, alla creazione di contenuti e ai compiti di tutti i giorni. Dai una svolta alla tua esperienza di gioco e accelera il tuo flusso di lavoro creativo, con un’unica soluzione che si adatta senza intoppi ad ogni scenario.","Uwolnij moc w wielu różnych scenariuszach
 THOR DDR5 daje moc podczas gier, tworzenia treści i codziennych zadań. Zwiększ prędkość gier i przyspiesz swój twórczy przepływ pracy, dzięki jednemu rozwiązaniu, które bezproblemowo dostosowuje się do każdego scenariusza.","أطلق العنان لأقصى أداء في مختلف الاستخدامات
 تقنية THOR DDR5 تعزز الأداء في الألعاب، وإنشاء المحتوى، والمهام اليومية. عزز سرعة لعبك وسرع سير عملك الإبداعي، كل ذلك مع حل واحد يتكيف بسلاسة مع أي سيناريو.","多様なシナリオで能力を解放
 THOR DDR5はゲーム、コンテンツ制作、日常のタスクで優れた性能を発揮します。ゲームの高速化も、制作ワークフローの加速も、単一のソリューションであらゆるシナリオにシームレスに対応できます。","各種使用情境下都能發揮超強效能
 THOR DDR5 的強大效能可輕鬆完成電競、內容創作和任何日常任務。提升電競速度，加快創作工作流程，同一個解決方案能針對任何使用情境流暢調整。","Giải Phóng Sức Mạnh, Chinh Phục Mọi Thử Thách
 THOR DDR5 cung cấp hiệu năng mạnh mẽ, đáp ứng nhu cầu chơi game, sáng tạo nội dung và các tác vụ hàng ngày. Nâng cao tốc độ chơi game và đẩy nhanh quá trình sáng tạo nội dung của bạn với một giải pháp duy nhất, có khả năng thích ứng linh hoạt với mọi tình huống sử dụng.","Ontketen kracht in diverse scenario's
 THOR DDR5 maakt gaming, contentcreatie en dagelijkse taken mogelijk. Verhoog uw gamesnelheid en versnel uw creatieve workflow, allemaal met één oplossing die zich naadloos aanpast aan elk scenario.","Frigör kraften i flera scenarier
 THOR DDR5 klarar spel, innehållsskapande och vardagsuppgifter. Förbättra din spelhastighet och accelerera ditt kreativa arbetsflöde, allt med en lösning som sömlöst anpassar sig till alla scenarier.","Her Senaryoda Gücü Açığa Çıkarın
 THOR DDR5 oyunları, içerik üretimini ve günlük işleri güçlendirir. Her senaryoya sorunsuzca uyum sağlayan tek çözümle oyun hızınızı artırın ve yaratıcı iş akışınızı hızlandırın.",,,,,,,,,,,,,,
,"Rigorously Tested
All Lexar products undergo extensive testing in the Lexar Quality Labs, facilities with thousands of different cameras and digital devices to ensure performance, quality, compatibility, and reliability.   ","严格测试 品质保障
Lexar雷克沙产品由高标准专业设备生产，并通过雷克沙质量实验室的专业测试，带来更好的稳定性、适用性与性能表现。","Rigoros getestet
  Alle Lexar Produkte werden in den Lexar Quality Labs mit Tausenden von verschiedenen Kameras und digitalen Geräten ausgiebig getestet, um Leistung, Qualität, Kompatibilität und Zuverlässigkeit zu gewährleisten.","Testé de façon rigoureuse
  Tous les produits Lexar sont soumis à des tests approfondis dans les laboratoires de qualité Lexar, sur des milliers de caméras et d'appareils numériques différents, afin d'assurer les performances, la qualité, la compatibilité et la fiabilité.","Rigurosamente probado
  Todos los productos Lexar se someten a amplias pruebas en Laboratorios de calidad Lexar, instalaciones con miles cámaras y dispositivos digitales, para garantizar el rendimiento, la calidad, la compatibilidad y la fiabilidad.","Rigorosamente testato
  Tutti i prodotti Lexar sono sottoposti a test approfonditi nei laboratori di qualità Lexar, strutture con migliaia di fotocamere e dispositivi digitali, per garantire prestazioni, qualità, compatibilità e affidabilità.","Rygorystyczne testy
  Wszystkie produkty Lexar są dokładnie testowane w laboratoriach Lexar Quality Labs wyposażonych w tysiące kamer i urządzeń cyfrowych, aby zapewnić wydajność, jakość, kompatybilność i niezawodność.","تم اختباره بدقة
  وتخضع جميع منتجات Lexar لاختبارات مكثفة في معامل الجودة التابعة لها والمرافق التي تضم آلاف الكاميرات والأجهزة الرقمية المختلفة لضمان حسن الأداء والجودة والتوافق والموثوقية.","厳格なテストに合格
  すべてのLexar製品は、Lexar品質ラボで、数千の異なるカメラやデジタル機器を使用して、性能、品質、互換性、信頼性を確認する広範なテストを経ています。","經過嚴格測試
  所有 Lexar 產品都在 Lexar 品質實驗室內經過大量測試，該實驗室配備數千台攝影機和數位裝置，可確保效能、品質、相容性和可靠性。","Đã Được Kiểm Định Chất Lượng Nghiêm Ngặt
  Tất cả các sản phẩm Lexar đều trải qua quá trình kiểm tra kỹ lưỡng tại Phòng Thí Nghiệm Chất Lượng Lexar, các cơ sở với hàng nghìn máy ảnh và thiết bị kỹ thuật số khác nhau để đảm bảo hiệu suất, chất lượng, khả năng tương thích và độ tin cậy. ","Grondig getest
  Alle Lexar-producten worden uitgebreid getest in de Lexar Quality Labs, faciliteiten met duizenden verschillende camera's en digitale apparaten om prestaties, kwaliteit, compatibiliteit en betrouwbaarheid te garanderen.","Noggrant Testad
  Alla Lexar-produkter genomgår omfattande tester i Lexar Quality Labs, anläggningar med mer än tusentals olika kameror och digitala enheter, för att säkerställa prestanda, kvalitet, kompatibilitet och tillförlitlighet.","Ağır Testler
  Tüm Lexar ürünleri performans, kalite, uyumluluk ve güvenilirlik konularından emin olmak için binlerce farklı kamera ve dijital cihazın bulunduğu Lexar Kalite Laboratuvarlarında geniş çaplı testlere tabi tutulur.",,,,,,,,,,,,,,